class,filepath,label,kfold
stem_rust,ICLR/train/train/stem_rust/1CQ95E.JPG,2,0
stem_rust,ICLR/train/train/stem_rust/7QBIPY.jpg,2,0
leaf_rust,ICLR/train/train/leaf_rust/1Z2P44.jpg,1,0
healthy_wheat,ICLR/train/train/healthy_wheat/ZB9CAK.jpg,0,0
stem_rust,ICLR/train/train/stem_rust/4PS17R.jpg,2,0
leaf_rust,ICLR/train/train/leaf_rust/FQZI2R.jpg,1,0
stem_rust,ICLR/train/train/stem_rust/2TUOEI.JPG,2,0
leaf_rust,ICLR/train/train/leaf_rust/B979CG.jpg,1,0
stem_rust,ICLR/train/train/stem_rust/ULWQAO.jfif,2,0
stem_rust,ICLR/train/train/stem_rust/OBZCMJ.jpg,2,0
leaf_rust,ICLR/train/train/leaf_rust/507S26.JPG,1,0
stem_rust,ICLR/train/train/stem_rust/1YHZHR.jfif,2,0
stem_rust,ICLR/train/train/stem_rust/JFDUOK.jpg,2,0
leaf_rust,ICLR/train/train/leaf_rust/EW97KQ.jfif,1,0
healthy_wheat,ICLR/train/train/healthy_wheat/GKK6S3.jfif,0,0
leaf_rust,ICLR/train/train/leaf_rust/03JUX3.jpg,1,0
healthy_wheat,ICLR/train/train/healthy_wheat/CHGSLB.jfif,0,0
healthy_wheat,ICLR/train/train/healthy_wheat/R2EUB2.jfif,0,0
leaf_rust,ICLR/train/train/leaf_rust/QNSLVT.jpg,1,0
healthy_wheat,ICLR/train/train/healthy_wheat/NQ15I3.jfif,0,0
leaf_rust,ICLR/train/train/leaf_rust/0W9XLD.JPG,1,0
stem_rust,ICLR/train/train/stem_rust/B48JP3.JPG,2,0
stem_rust,ICLR/train/train/stem_rust/TRB8EQ.jpg,2,0
leaf_rust,ICLR/train/train/leaf_rust/EGCJD3.jpg,1,0
leaf_rust,ICLR/train/train/leaf_rust/3XB3N4.JPG,1,0
healthy_wheat,ICLR/train/train/healthy_wheat/TG11GG.jpg,0,0
healthy_wheat,ICLR/train/train/healthy_wheat/A1U68I.jpg,0,0
healthy_wheat,ICLR/train/train/healthy_wheat/AZXBR9.jpg,0,0
healthy_wheat,ICLR/train/train/healthy_wheat/QJI3IC.jpg,0,0
healthy_wheat,ICLR/train/train/healthy_wheat/R2EUB2.jfif,0,0
leaf_rust,ICLR/train/train/leaf_rust/6LDDZP.JPG,1,0
stem_rust,ICLR/train/train/stem_rust/BLBE0Y.JPG,2,0
leaf_rust,ICLR/train/train/leaf_rust/AQSNJV.jpg,1,0
leaf_rust,ICLR/train/train/leaf_rust/LW1FDD.jfif,1,0
leaf_rust,ICLR/train/train/leaf_rust/XVTYNS.jfif,1,0
healthy_wheat,ICLR/train/train/healthy_wheat/V1H2XE.jpg,0,0
leaf_rust,ICLR/train/train/leaf_rust/7IIMFZ.jfif,1,0
healthy_wheat,ICLR/train/train/healthy_wheat/R7MQ3K.jfif,0,0
leaf_rust,ICLR/train/train/leaf_rust/Q22X4X.jpg,1,0
healthy_wheat,ICLR/train/train/healthy_wheat/K4BR5D.jpg,0,0
stem_rust,ICLR/train/train/stem_rust/QUMDJO.JPG,2,0
leaf_rust,ICLR/train/train/leaf_rust/8PMCCH.jfif,1,0
stem_rust,ICLR/train/train/stem_rust/69R5M3.JPG,2,0
stem_rust,ICLR/train/train/stem_rust/QUMDJO.JPG,2,0
stem_rust,ICLR/train/train/stem_rust/SEKZYY.jfif,2,0
stem_rust,ICLR/train/train/stem_rust/11F0U1.jfif,2,0
stem_rust,ICLR/train/train/stem_rust/HFQCNG.JPG,2,0
healthy_wheat,ICLR/train/train/healthy_wheat/E5HXTR.jpg,0,0
healthy_wheat,ICLR/train/train/healthy_wheat/DJVBU8.jfif,0,0
leaf_rust,ICLR/train/train/leaf_rust/BH9GXF.JPG,1,0
leaf_rust,ICLR/train/train/leaf_rust/XG2I75.JPG,1,0
stem_rust,ICLR/train/train/stem_rust/HQF2QD.jpg,2,0
stem_rust,ICLR/train/train/stem_rust/U2V5YV.jfif,2,0
healthy_wheat,ICLR/train/train/healthy_wheat/CQPOHG.jpg,0,0
stem_rust,ICLR/train/train/stem_rust/KFTIM5.jpg,2,0
leaf_rust,ICLR/train/train/leaf_rust/82T4LM.jfif,1,0
leaf_rust,ICLR/train/train/leaf_rust/FHZTQ9.jfif,1,0
leaf_rust,ICLR/train/train/leaf_rust/GNJ5IO.jfif,1,0
leaf_rust,ICLR/train/train/leaf_rust/IUBFHR.jfif,1,0
leaf_rust,ICLR/train/train/leaf_rust/LWJ8WJ.jpg,1,0
healthy_wheat,ICLR/train/train/healthy_wheat/CHT342.jfif,0,0
leaf_rust,ICLR/train/train/leaf_rust/93ML3M.jpg,1,0
healthy_wheat,ICLR/train/train/healthy_wheat/67AESM.jfif,0,0
healthy_wheat,ICLR/train/train/healthy_wheat/341R1E.jpg,0,0
stem_rust,ICLR/train/train/stem_rust/9M066B.jpg,2,0
healthy_wheat,ICLR/train/train/healthy_wheat/VV0ZC5.jpg,0,0
stem_rust,ICLR/train/train/stem_rust/TFXZFC.JPG,2,0
leaf_rust,ICLR/train/train/leaf_rust/Q3G3AG.JPG,1,0
healthy_wheat,ICLR/train/train/healthy_wheat/LKI9UG.jpg,0,0
leaf_rust,ICLR/train/train/leaf_rust/Q5Z10Q.jfif,1,0
leaf_rust,ICLR/train/train/leaf_rust/GZQN3S.jpg,1,0
healthy_wheat,ICLR/train/train/healthy_wheat/UOZCDJ.jpg,0,0
leaf_rust,ICLR/train/train/leaf_rust/WRCRVM.jfif,1,0
stem_rust,ICLR/train/train/stem_rust/W2JUB6.jfif,2,0
stem_rust,ICLR/train/train/stem_rust/D0E3GS.jfif,2,0
leaf_rust,ICLR/train/train/leaf_rust/PCMZC6.jpg,1,0
stem_rust,ICLR/train/train/stem_rust/FPOY3C.jpg,2,0
healthy_wheat,ICLR/train/train/healthy_wheat/8NB5J3.jfif,0,0
healthy_wheat,ICLR/train/train/healthy_wheat/76FZWH.jpg,0,0
healthy_wheat,ICLR/train/train/healthy_wheat/NH4TNJ.jfif,0,0
healthy_wheat,ICLR/train/train/healthy_wheat/CHJDTJ.jfif,0,0
stem_rust,ICLR/train/train/stem_rust/R4S1SH.jfif,2,0
leaf_rust,ICLR/train/train/leaf_rust/NJYIEE.jfif,1,0
healthy_wheat,ICLR/train/train/healthy_wheat/03TD19.jfif,0,0
stem_rust,ICLR/train/train/stem_rust/CJLHTW.JPG,2,0
stem_rust,ICLR/train/train/stem_rust/9M066B.jpg,2,0
stem_rust,ICLR/train/train/stem_rust/F1R6EO.jpg,2,0
leaf_rust,ICLR/train/train/leaf_rust/HNDRV1.jfif,1,0
healthy_wheat,ICLR/train/train/healthy_wheat/K68ZMD.jpg,0,0
stem_rust,ICLR/train/train/stem_rust/DR8HQ5.jfif,2,0
leaf_rust,ICLR/train/train/leaf_rust/5UARHB.jfif,1,0
healthy_wheat,ICLR/train/train/healthy_wheat/6JXL0N.jpg,0,0
leaf_rust,ICLR/train/train/leaf_rust/2XML6U.jfif,1,0
healthy_wheat,ICLR/train/train/healthy_wheat/8NB5J3.jfif,0,0
healthy_wheat,ICLR/train/train/healthy_wheat/J1R9Z1.jpg,0,0
healthy_wheat,ICLR/train/train/healthy_wheat/OMO7JG.jpg,0,0
stem_rust,ICLR/train/train/stem_rust/WWX0LN.jfif,2,0
healthy_wheat,ICLR/train/train/healthy_wheat/3FAKM2.jpg,0,0
healthy_wheat,ICLR/train/train/healthy_wheat/D55G9F.jpg,0,0
healthy_wheat,ICLR/train/train/healthy_wheat/OAHCEM.jfif,0,0
leaf_rust,ICLR/train/train/leaf_rust/CV8N7R.jpg,1,0
stem_rust,ICLR/train/train/stem_rust/IUE37D.JPG,2,0
healthy_wheat,ICLR/train/train/healthy_wheat/NARWXK.jpg,0,0
stem_rust,ICLR/train/train/stem_rust/OCCOMA.jpg,2,0
leaf_rust,ICLR/train/train/leaf_rust/8K4OWH.jfif,1,0
stem_rust,ICLR/train/train/stem_rust/JC5SQ6.JPG,2,0
stem_rust,ICLR/train/train/stem_rust/2RCVZ9.jfif,2,0
leaf_rust,ICLR/train/train/leaf_rust/1ETABC.JPG,1,0
leaf_rust,ICLR/train/train/leaf_rust/Y5CD5T.jfif,1,0
leaf_rust,ICLR/train/train/leaf_rust/AVFGNY.jfif,1,0
stem_rust,ICLR/train/train/stem_rust/8MIRS1.JPG,2,0
leaf_rust,ICLR/train/train/leaf_rust/X557ND.jpg,1,0
healthy_wheat,ICLR/train/train/healthy_wheat/R1GKEP.jfif,0,0
healthy_wheat,ICLR/train/train/healthy_wheat/CHGSLB.jfif,0,0
healthy_wheat,ICLR/train/train/healthy_wheat/QHU0JC.jpg,0,0
healthy_wheat,ICLR/train/train/healthy_wheat/DSZYA9.jfif,0,0
leaf_rust,ICLR/train/train/leaf_rust/DP7NNX.jpg,1,0
healthy_wheat,ICLR/train/train/healthy_wheat/NH4TNJ.jfif,0,0
stem_rust,ICLR/train/train/stem_rust/3RK10Q.jpg,2,0
healthy_wheat,ICLR/train/train/healthy_wheat/PLB5JZ.jpg,0,0
leaf_rust,ICLR/train/train/leaf_rust/H01KY9.JPG,1,0
leaf_rust,ICLR/train/train/leaf_rust/5A0INM.jfif,1,0
healthy_wheat,ICLR/train/train/healthy_wheat/1LNMUQ.jfif,0,0
leaf_rust,ICLR/train/train/leaf_rust/R8QU8G.JPG,1,0
healthy_wheat,ICLR/train/train/healthy_wheat/67AESM.jfif,0,0
leaf_rust,ICLR/train/train/leaf_rust/D65OG9.JPG,1,0
leaf_rust,ICLR/train/train/leaf_rust/PMDLCY.jfif,1,0
leaf_rust,ICLR/train/train/leaf_rust/HIYN7I.jfif,1,0
stem_rust,ICLR/train/train/stem_rust/DX9GO7.JPG,2,0
stem_rust,ICLR/train/train/stem_rust/55E81Z.jfif,2,0
leaf_rust,ICLR/train/train/leaf_rust/M56ORX.jfif,1,0
leaf_rust,ICLR/train/train/leaf_rust/5HIOBT.jpg,1,0
leaf_rust,ICLR/train/train/leaf_rust/2SDHKR.jfif,1,0
healthy_wheat,ICLR/train/train/healthy_wheat/JNFAO1.jpg,0,0
leaf_rust,ICLR/train/train/leaf_rust/GR59IW.JPG,1,0
stem_rust,ICLR/train/train/stem_rust/J099DZ.JPG,2,0
stem_rust,ICLR/train/train/stem_rust/PMP6DL.jpg,2,0
healthy_wheat,ICLR/train/train/healthy_wheat/CHT342.jfif,0,0
leaf_rust,ICLR/train/train/leaf_rust/92C0OY.jfif,1,0
healthy_wheat,ICLR/train/train/healthy_wheat/R2EUB2.jfif,0,0
leaf_rust,ICLR/train/train/leaf_rust/WI3HNQ.jpg,1,0
healthy_wheat,ICLR/train/train/healthy_wheat/I9JOL9.jpg,0,0
stem_rust,ICLR/train/train/stem_rust/7AJXG3.jpg,2,0
healthy_wheat,ICLR/train/train/healthy_wheat/XTVZ0E.jpg,0,0
leaf_rust,ICLR/train/train/leaf_rust/6JRBHF.jpg,1,0
leaf_rust,ICLR/train/train/leaf_rust/LLHLQN.jfif,1,0
stem_rust,ICLR/train/train/stem_rust/L54H4D.jfif,2,0
stem_rust,ICLR/train/train/stem_rust/69R5M3.JPG,2,0
healthy_wheat,ICLR/train/train/healthy_wheat/ZTXKZU.jpg,0,0
stem_rust,ICLR/train/train/stem_rust/SMXQG3.JPG,2,0
stem_rust,ICLR/train/train/stem_rust/2ZBXWK.jpg,2,0
leaf_rust,ICLR/train/train/leaf_rust/LIJGDQ.JPG,1,0
healthy_wheat,ICLR/train/train/healthy_wheat/Y6OVRX.jfif,0,0
healthy_wheat,ICLR/train/train/healthy_wheat/CQPOHG.jpg,0,0
stem_rust,ICLR/train/train/stem_rust/F7LSXE.JPG,2,0
stem_rust,ICLR/train/train/stem_rust/ITHJH3.jfif,2,0
healthy_wheat,ICLR/train/train/healthy_wheat/UOZCDJ.jpg,0,0
stem_rust,ICLR/train/train/stem_rust/JVF70C.jpg,2,0
stem_rust,ICLR/train/train/stem_rust/23B5BA.jpg,2,0
leaf_rust,ICLR/train/train/leaf_rust/CV8N7R.jpg,1,0
healthy_wheat,ICLR/train/train/healthy_wheat/7ITAYE.jfif,0,0
leaf_rust,ICLR/train/train/leaf_rust/3J5833.jfif,1,0
stem_rust,ICLR/train/train/stem_rust/O0DG7Q.jpg,2,0
stem_rust,ICLR/train/train/stem_rust/E124SH.jpg,2,0
stem_rust,ICLR/train/train/stem_rust/XFPZY5.JPG,2,0
leaf_rust,ICLR/train/train/leaf_rust/6XP8HI.JPG,1,0
healthy_wheat,ICLR/train/train/healthy_wheat/VV0ZC5.jpg,0,0
healthy_wheat,ICLR/train/train/healthy_wheat/QUBMQI.jpg,0,0
stem_rust,ICLR/train/train/stem_rust/BLBE0Y.JPG,2,0
leaf_rust,ICLR/train/train/leaf_rust/C6VM7G.jfif,1,0
healthy_wheat,ICLR/train/train/healthy_wheat/IL9FCV.jfif,0,0
leaf_rust,ICLR/train/train/leaf_rust/SVKFBF.jfif,1,0
healthy_wheat,ICLR/train/train/healthy_wheat/0PFX47.jpg,0,0
leaf_rust,ICLR/train/train/leaf_rust/1UJRRG.JPG,1,0
stem_rust,ICLR/train/train/stem_rust/BXPXA7.jfif,2,0
healthy_wheat,ICLR/train/train/healthy_wheat/UOZCDJ.jpg,0,0
leaf_rust,ICLR/train/train/leaf_rust/ZX44PV.jfif,1,0
healthy_wheat,ICLR/train/train/healthy_wheat/8S36C7.jpg,0,0
healthy_wheat,ICLR/train/train/healthy_wheat/75H6R9.jfif,0,0
stem_rust,ICLR/train/train/stem_rust/31ZSGD.JPG,2,0
healthy_wheat,ICLR/train/train/healthy_wheat/WKOFOG.jpg,0,0
healthy_wheat,ICLR/train/train/healthy_wheat/DCYAQH.jpg,0,0
stem_rust,ICLR/train/train/stem_rust/MAHVH5.JPG,2,0
healthy_wheat,ICLR/train/train/healthy_wheat/2KS7HG.jpg,0,0
stem_rust,ICLR/train/train/stem_rust/5F1T3N.JPG,2,0
leaf_rust,ICLR/train/train/leaf_rust/LBIX7Q.jpg,1,0
healthy_wheat,ICLR/train/train/healthy_wheat/Y6OVRX.jfif,0,0
leaf_rust,ICLR/train/train/leaf_rust/Z2L2AO.jpg,1,0
healthy_wheat,ICLR/train/train/healthy_wheat/0PFX47.jpg,0,0
healthy_wheat,ICLR/train/train/healthy_wheat/7ITAYE.jfif,0,0
leaf_rust,ICLR/train/train/leaf_rust/FA0EDN.jfif,1,0
stem_rust,ICLR/train/train/stem_rust/DT9HU4.jfif,2,0
leaf_rust,ICLR/train/train/leaf_rust/XMR977.jpg,1,0
stem_rust,ICLR/train/train/stem_rust/83AAQN.jpg,2,0
stem_rust,ICLR/train/train/stem_rust/W2JUB6.jfif,2,0
healthy_wheat,ICLR/train/train/healthy_wheat/UOZCDJ.jpg,0,0
healthy_wheat,ICLR/train/train/healthy_wheat/HNUJLZ.jfif,0,0
healthy_wheat,ICLR/train/train/healthy_wheat/DOOEWE.jpg,0,0
stem_rust,ICLR/train/train/stem_rust/Z474SF.jpg,2,0
healthy_wheat,ICLR/train/train/healthy_wheat/C5BGP5.jfif,0,0
healthy_wheat,ICLR/train/train/healthy_wheat/EBMMCD.jfif,0,0
healthy_wheat,ICLR/train/train/healthy_wheat/QHU0JC.jpg,0,0
healthy_wheat,ICLR/train/train/healthy_wheat/AZXBR9.jpg,0,0
stem_rust,ICLR/train/train/stem_rust/81QY5L.jfif,2,0
healthy_wheat,ICLR/train/train/healthy_wheat/OAHCEM.jfif,0,0
healthy_wheat,ICLR/train/train/healthy_wheat/CHJDTJ.jfif,0,1
stem_rust,ICLR/train/train/stem_rust/7RIKI9.jpg,2,0
leaf_rust,ICLR/train/train/leaf_rust/MAPKID.jfif,1,0
leaf_rust,ICLR/train/train/leaf_rust/YNVMI7.jpg,1,0
leaf_rust,ICLR/train/train/leaf_rust/GZ7ZQ9.jpg,1,0
leaf_rust,ICLR/train/train/leaf_rust/W6WEQV.jfif,1,0
stem_rust,ICLR/train/train/stem_rust/Q19P3U.jpg,2,0
stem_rust,ICLR/train/train/stem_rust/3TZ5AZ.jfif,2,0
stem_rust,ICLR/train/train/stem_rust/VYXJQ6.jpg,2,0
leaf_rust,ICLR/train/train/leaf_rust/PTAWZS.jfif,1,0
stem_rust,ICLR/train/train/stem_rust/B3TVHT.jpg,2,0
stem_rust,ICLR/train/train/stem_rust/GRW86Y.jpg,2,0
leaf_rust,ICLR/train/train/leaf_rust/IE6C1W.jpg,1,0
healthy_wheat,ICLR/train/train/healthy_wheat/FC45DX.jpg,0,1
healthy_wheat,ICLR/train/train/healthy_wheat/MEWKD5.jpg,0,1
healthy_wheat,ICLR/train/train/healthy_wheat/FSES5U.jpg,0,1
healthy_wheat,ICLR/train/train/healthy_wheat/R1GKEP.jfif,0,1
leaf_rust,ICLR/train/train/leaf_rust/63TBD5.jpg,1,0
healthy_wheat,ICLR/train/train/healthy_wheat/3OKS1S.jfif,0,1
stem_rust,ICLR/train/train/stem_rust/9TV1CN.jpg,2,0
leaf_rust,ICLR/train/train/leaf_rust/K1TXKT.jfif,1,0
stem_rust,ICLR/train/train/stem_rust/YBGSNS.jpg,2,0
leaf_rust,ICLR/train/train/leaf_rust/XLM65F.jpg,1,1
leaf_rust,ICLR/train/train/leaf_rust/I8HQGB.jpg,1,1
leaf_rust,ICLR/train/train/leaf_rust/VXAJXV.jpg,1,1
stem_rust,ICLR/train/train/stem_rust/KQQQ9G.jpg,2,0
healthy_wheat,ICLR/train/train/healthy_wheat/CQPOHG.jpg,0,1
leaf_rust,ICLR/train/train/leaf_rust/DKXA9W.jpg,1,1
stem_rust,ICLR/train/train/stem_rust/B3TVHT.jpg,2,0
leaf_rust,ICLR/train/train/leaf_rust/JRDHFM.JPG,1,1
stem_rust,ICLR/train/train/stem_rust/P2S5BW.JPG,2,0
leaf_rust,ICLR/train/train/leaf_rust/7X8ZKT.jfif,1,1
stem_rust,ICLR/train/train/stem_rust/RVLO8S.JPG,2,0
leaf_rust,ICLR/train/train/leaf_rust/GIYV8B.jfif,1,1
stem_rust,ICLR/train/train/stem_rust/PMKBPT.JPG,2,0
stem_rust,ICLR/train/train/stem_rust/B48JP3.JPG,2,1
stem_rust,ICLR/train/train/stem_rust/Z0MIMM.jpg,2,1
stem_rust,ICLR/train/train/stem_rust/7LKQ7F.JPG,2,1
stem_rust,ICLR/train/train/stem_rust/OCCOMA.jpg,2,1
leaf_rust,ICLR/train/train/leaf_rust/SZOIRZ.jfif,1,1
healthy_wheat,ICLR/train/train/healthy_wheat/U0P84E.jfif,0,1
healthy_wheat,ICLR/train/train/healthy_wheat/74ZPA9.jfif,0,1
healthy_wheat,ICLR/train/train/healthy_wheat/8GXR21.jfif,0,1
healthy_wheat,ICLR/train/train/healthy_wheat/3FAKM2.jpg,0,1
healthy_wheat,ICLR/train/train/healthy_wheat/CQPOHG.jpg,0,1
healthy_wheat,ICLR/train/train/healthy_wheat/0O5BON.jfif,0,1
healthy_wheat,ICLR/train/train/healthy_wheat/2KS7HG.jpg,0,1
leaf_rust,ICLR/train/train/leaf_rust/XGXKYD.jfif,1,1
stem_rust,ICLR/train/train/stem_rust/2FHYM7.JPG,2,1
stem_rust,ICLR/train/train/stem_rust/9C1MPX.JPG,2,1
healthy_wheat,ICLR/train/train/healthy_wheat/3OKS1S.jfif,0,1
healthy_wheat,ICLR/train/train/healthy_wheat/QJI3IC.jpg,0,1
healthy_wheat,ICLR/train/train/healthy_wheat/EJ8295.jfif,0,1
leaf_rust,ICLR/train/train/leaf_rust/GTGORY.jpg,1,1
leaf_rust,ICLR/train/train/leaf_rust/6Q646B.jpg,1,1
stem_rust,ICLR/train/train/stem_rust/FEKTGQ.JPG,2,1
leaf_rust,ICLR/train/train/leaf_rust/PXDNTX.jfif,1,1
healthy_wheat,ICLR/train/train/healthy_wheat/HNUJLZ.jfif,0,1
stem_rust,ICLR/train/train/stem_rust/3C8DCX.jpg,2,1
healthy_wheat,ICLR/train/train/healthy_wheat/341R1E.jpg,0,1
leaf_rust,ICLR/train/train/leaf_rust/AM369S.jfif,1,1
stem_rust,ICLR/train/train/stem_rust/69R5M3.JPG,2,1
stem_rust,ICLR/train/train/stem_rust/5V92FO.JPG,2,1
leaf_rust,ICLR/train/train/leaf_rust/9AEUF2.jpg,1,1
healthy_wheat,ICLR/train/train/healthy_wheat/NARWXK.jpg,0,1
healthy_wheat,ICLR/train/train/healthy_wheat/6D89ME.jpg,0,1
healthy_wheat,ICLR/train/train/healthy_wheat/UP8NAQ.jpg,0,1
healthy_wheat,ICLR/train/train/healthy_wheat/C5BGP5.jfif,0,1
healthy_wheat,ICLR/train/train/healthy_wheat/Q4FJSU.jpg,0,1
healthy_wheat,ICLR/train/train/healthy_wheat/DJO3I3.jfif,0,1
leaf_rust,ICLR/train/train/leaf_rust/Z0WJ1I.jfif,1,1
healthy_wheat,ICLR/train/train/healthy_wheat/3VZ47F.jfif,0,1
healthy_wheat,ICLR/train/train/healthy_wheat/T7FPBO.jpg,0,1
stem_rust,ICLR/train/train/stem_rust/1JO0MM.jpg,2,1
healthy_wheat,ICLR/train/train/healthy_wheat/UP510H.jfif,0,1
healthy_wheat,ICLR/train/train/healthy_wheat/HD6Z5L.jpg,0,1
leaf_rust,ICLR/train/train/leaf_rust/RCHIOR.jfif,1,1
leaf_rust,ICLR/train/train/leaf_rust/7NK9AN.jfif,1,1
stem_rust,ICLR/train/train/stem_rust/9M066B.jpg,2,1
leaf_rust,ICLR/train/train/leaf_rust/5C3950.jfif,1,1
leaf_rust,ICLR/train/train/leaf_rust/M3T8YX.jfif,1,1
stem_rust,ICLR/train/train/stem_rust/MO9MOB.JPG,2,1
healthy_wheat,ICLR/train/train/healthy_wheat/LVJTB0.jpg,0,1
leaf_rust,ICLR/train/train/leaf_rust/M6X1CL.jfif,1,1
stem_rust,ICLR/train/train/stem_rust/11MFER.JPG,2,1
stem_rust,ICLR/train/train/stem_rust/D0E3GS.jfif,2,1
leaf_rust,ICLR/train/train/leaf_rust/YVFWPK.jfif,1,1
stem_rust,ICLR/train/train/stem_rust/PMP6DL.jpg,2,1
leaf_rust,ICLR/train/train/leaf_rust/M6WFHJ.jfif,1,1
stem_rust,ICLR/train/train/stem_rust/WJVMRG.jpg,2,1
leaf_rust,ICLR/train/train/leaf_rust/7KMEN7.jpg,1,1
healthy_wheat,ICLR/train/train/healthy_wheat/E56FF6.jpg,0,1
leaf_rust,ICLR/train/train/leaf_rust/BX298Q.jfif,1,1
healthy_wheat,ICLR/train/train/healthy_wheat/MEWKD5.jpg,0,1
stem_rust,ICLR/train/train/stem_rust/N0XG6F.jfif,2,1
stem_rust,ICLR/train/train/stem_rust/DAO91S.JPG,2,1
stem_rust,ICLR/train/train/stem_rust/NJJMTF.jpg,2,1
healthy_wheat,ICLR/train/train/healthy_wheat/T7FPBO.jpg,0,1
leaf_rust,ICLR/train/train/leaf_rust/ZKLSUX.jpg,1,1
leaf_rust,ICLR/train/train/leaf_rust/7LQK3F.jfif,1,1
healthy_wheat,ICLR/train/train/healthy_wheat/FSES5U.jpg,0,1
healthy_wheat,ICLR/train/train/healthy_wheat/341R1E.jpg,0,1
leaf_rust,ICLR/train/train/leaf_rust/IIHVXF.jfif,1,1
stem_rust,ICLR/train/train/stem_rust/GBJ927.jpg,2,1
healthy_wheat,ICLR/train/train/healthy_wheat/QUBMQI.jpg,0,1
leaf_rust,ICLR/train/train/leaf_rust/5QLT82.jfif,1,1
leaf_rust,ICLR/train/train/leaf_rust/OLL4DP.jpg,1,1
leaf_rust,ICLR/train/train/leaf_rust/HK3PHP.JPG,1,1
leaf_rust,ICLR/train/train/leaf_rust/ZGSC2J.jpg,1,1
healthy_wheat,ICLR/train/train/healthy_wheat/U0P84E.jfif,0,1
stem_rust,ICLR/train/train/stem_rust/81QY5L.jfif,2,1
healthy_wheat,ICLR/train/train/healthy_wheat/GKK6S3.jfif,0,1
leaf_rust,ICLR/train/train/leaf_rust/392Z3F.jfif,1,1
leaf_rust,ICLR/train/train/leaf_rust/JDOHI8.png,1,1
leaf_rust,ICLR/train/train/leaf_rust/LDZZ1L.jfif,1,1
stem_rust,ICLR/train/train/stem_rust/DX9GO7.JPG,2,1
healthy_wheat,ICLR/train/train/healthy_wheat/WUAVW0.jpg,0,1
leaf_rust,ICLR/train/train/leaf_rust/O1CPO8.jpg,1,1
leaf_rust,ICLR/train/train/leaf_rust/XL8JYZ.jfif,1,1
stem_rust,ICLR/train/train/stem_rust/A0O1E2.jpg,2,1
leaf_rust,ICLR/train/train/leaf_rust/W6DPGR.JPG,1,1
stem_rust,ICLR/train/train/stem_rust/FGNILS.jpg,2,1
stem_rust,ICLR/train/train/stem_rust/LBP6L0.JPG,2,1
healthy_wheat,ICLR/train/train/healthy_wheat/74ZPA9.jfif,0,1
healthy_wheat,ICLR/train/train/healthy_wheat/C9IXFE.jpg,0,1
healthy_wheat,ICLR/train/train/healthy_wheat/WKOFOG.jpg,0,1
healthy_wheat,ICLR/train/train/healthy_wheat/TTIIYZ.jfif,0,1
stem_rust,ICLR/train/train/stem_rust/KW2L1S.JPG,2,1
leaf_rust,ICLR/train/train/leaf_rust/1I3ADK.jfif,1,1
healthy_wheat,ICLR/train/train/healthy_wheat/JNFAO1.jpg,0,1
stem_rust,ICLR/train/train/stem_rust/F2GRJ3.jpg,2,1
stem_rust,ICLR/train/train/stem_rust/LQV40X.jpg,2,1
leaf_rust,ICLR/train/train/leaf_rust/AP1SAL.JPG,1,1
stem_rust,ICLR/train/train/stem_rust/Y84ZW2.JPG,2,1
stem_rust,ICLR/train/train/stem_rust/PMKBPT.JPG,2,1
leaf_rust,ICLR/train/train/leaf_rust/T4PTSX.jfif,1,1
healthy_wheat,ICLR/train/train/healthy_wheat/F44CKW.jfif,0,1
leaf_rust,ICLR/train/train/leaf_rust/274LI8.jfif,1,1
leaf_rust,ICLR/train/train/leaf_rust/BH9GXF.JPG,1,1
stem_rust,ICLR/train/train/stem_rust/RVLO8S.JPG,2,1
leaf_rust,ICLR/train/train/leaf_rust/6594KX.JPG,1,1
healthy_wheat,ICLR/train/train/healthy_wheat/NARWXK.jpg,0,1
stem_rust,ICLR/train/train/stem_rust/ZF5LOB.jfif,2,1
healthy_wheat,ICLR/train/train/healthy_wheat/8HQY88.jpg,0,1
leaf_rust,ICLR/train/train/leaf_rust/6BZC85.JPG,1,1
healthy_wheat,ICLR/train/train/healthy_wheat/WGJ7NJ.jfif,0,1
healthy_wheat,ICLR/train/train/healthy_wheat/C5BGP5.jfif,0,1
leaf_rust,ICLR/train/train/leaf_rust/8XR87D.jfif,1,1
leaf_rust,ICLR/train/train/leaf_rust/P147BO.JPG,1,1
healthy_wheat,ICLR/train/train/healthy_wheat/K4BR5D.jpg,0,1
leaf_rust,ICLR/train/train/leaf_rust/0SFXM4.jpg,1,1
stem_rust,ICLR/train/train/stem_rust/J4FNMC.jpg,2,1
stem_rust,ICLR/train/train/stem_rust/2YY03P.JPG,2,1
healthy_wheat,ICLR/train/train/healthy_wheat/3VZ47F.jfif,0,1
leaf_rust,ICLR/train/train/leaf_rust/SJSVO0.JPG,1,1
stem_rust,ICLR/train/train/stem_rust/WWX0LN.jfif,2,1
healthy_wheat,ICLR/train/train/healthy_wheat/H75C3Z.jpg,0,1
healthy_wheat,ICLR/train/train/healthy_wheat/N8O0C1.jfif,0,1
leaf_rust,ICLR/train/train/leaf_rust/SS98C9.jpg,1,1
healthy_wheat,ICLR/train/train/healthy_wheat/7KUFEH.jfif,0,1
stem_rust,ICLR/train/train/stem_rust/9SESH4.jpg,2,1
healthy_wheat,ICLR/train/train/healthy_wheat/89HHA3.jfif,0,1
healthy_wheat,ICLR/train/train/healthy_wheat/C5BGP5.jfif,0,1
leaf_rust,ICLR/train/train/leaf_rust/BUECLC.jpg,1,1
stem_rust,ICLR/train/train/stem_rust/GXFMJU.jfif,2,1
stem_rust,ICLR/train/train/stem_rust/120LEV.jfif,2,1
healthy_wheat,ICLR/train/train/healthy_wheat/5FSDEI.jpg,0,1
healthy_wheat,ICLR/train/train/healthy_wheat/ICK7X2.jpg,0,1
healthy_wheat,ICLR/train/train/healthy_wheat/JQ07E6.jpg,0,1
leaf_rust,ICLR/train/train/leaf_rust/66CDMF.JPG,1,1
healthy_wheat,ICLR/train/train/healthy_wheat/JC97RE.jpg,0,1
stem_rust,ICLR/train/train/stem_rust/DT9HU4.jfif,2,1
leaf_rust,ICLR/train/train/leaf_rust/GM4WSG.jpg,1,1
stem_rust,ICLR/train/train/stem_rust/3TZ5AZ.jfif,2,1
stem_rust,ICLR/train/train/stem_rust/KAQWIP.JPG,2,1
stem_rust,ICLR/train/train/stem_rust/BXR80S.jpg,2,1
leaf_rust,ICLR/train/train/leaf_rust/RNZSNN.jpg,1,1
leaf_rust,ICLR/train/train/leaf_rust/I11B5N.jpg,1,1
healthy_wheat,ICLR/train/train/healthy_wheat/S0V7NA.jfif,0,1
leaf_rust,ICLR/train/train/leaf_rust/MYT9HK.jpg,1,1
healthy_wheat,ICLR/train/train/healthy_wheat/1NX3ZC.jpg,0,1
healthy_wheat,ICLR/train/train/healthy_wheat/FSES5U.jpg,0,1
stem_rust,ICLR/train/train/stem_rust/3C8DCX.jpg,2,1
stem_rust,ICLR/train/train/stem_rust/85RP1Z.JPG,2,1
healthy_wheat,ICLR/train/train/healthy_wheat/PK4O6O.jpg,0,1
healthy_wheat,ICLR/train/train/healthy_wheat/NP6250.jfif,0,1
stem_rust,ICLR/train/train/stem_rust/Z0MIMM.jpg,2,1
stem_rust,ICLR/train/train/stem_rust/C5YOGW.JPG,2,1
healthy_wheat,ICLR/train/train/healthy_wheat/FU88R0.jpg,0,1
leaf_rust,ICLR/train/train/leaf_rust/G7BN81.jpg,1,1
leaf_rust,ICLR/train/train/leaf_rust/FNOMOO.jfif,1,1
healthy_wheat,ICLR/train/train/healthy_wheat/E7W6KS.jfif,0,1
healthy_wheat,ICLR/train/train/healthy_wheat/S0V7NA.jfif,0,1
stem_rust,ICLR/train/train/stem_rust/GZKGBW.JPG,2,1
healthy_wheat,ICLR/train/train/healthy_wheat/E5HXTR.jpg,0,1
leaf_rust,ICLR/train/train/leaf_rust/KSXTB3.JPG,1,1
healthy_wheat,ICLR/train/train/healthy_wheat/NQ15I3.jfif,0,1
leaf_rust,ICLR/train/train/leaf_rust/K47X6B.jpg,1,1
healthy_wheat,ICLR/train/train/healthy_wheat/Q4FJSU.jpg,0,1
stem_rust,ICLR/train/train/stem_rust/E2TWPA.JPG,2,1
leaf_rust,ICLR/train/train/leaf_rust/MM0NJB.jfif,1,1
leaf_rust,ICLR/train/train/leaf_rust/QR12E2.jpg,1,1
healthy_wheat,ICLR/train/train/healthy_wheat/SVTYF9.jpg,0,1
stem_rust,ICLR/train/train/stem_rust/V8X84U.JPG,2,1
leaf_rust,ICLR/train/train/leaf_rust/G7IG7A.jfif,1,1
healthy_wheat,ICLR/train/train/healthy_wheat/LVJTB0.jpg,0,1
stem_rust,ICLR/train/train/stem_rust/05LO15.JPG,2,1
healthy_wheat,ICLR/train/train/healthy_wheat/E5HXTR.jpg,0,1
leaf_rust,ICLR/train/train/leaf_rust/CN42FG.jfif,1,1
healthy_wheat,ICLR/train/train/healthy_wheat/3C82ZM.jpg,0,1
leaf_rust,ICLR/train/train/leaf_rust/GCQPB4.jpg,1,1
leaf_rust,ICLR/train/train/leaf_rust/IOVN1Z.jpg,1,1
healthy_wheat,ICLR/train/train/healthy_wheat/VLXEK6.jfif,0,2
stem_rust,ICLR/train/train/stem_rust/GSL750.JPG,2,1
healthy_wheat,ICLR/train/train/healthy_wheat/U0P84E.jfif,0,2
healthy_wheat,ICLR/train/train/healthy_wheat/J1R9Z1.jpg,0,2
leaf_rust,ICLR/train/train/leaf_rust/1G2K6F.jpg,1,1
leaf_rust,ICLR/train/train/leaf_rust/HDY3Q8.jpg,1,1
stem_rust,ICLR/train/train/stem_rust/B3QEKK.JPG,2,1
stem_rust,ICLR/train/train/stem_rust/7Y66S6.JPG,2,1
leaf_rust,ICLR/train/train/leaf_rust/YD3U5Q.jpg,1,1
leaf_rust,ICLR/train/train/leaf_rust/MBR2HF.jpg,1,1
healthy_wheat,ICLR/train/train/healthy_wheat/PGA3WH.jpg,0,2
stem_rust,ICLR/train/train/stem_rust/GRVXQ7.jpg,2,1
healthy_wheat,ICLR/train/train/healthy_wheat/TG11GG.jpg,0,2
leaf_rust,ICLR/train/train/leaf_rust/CHY59U.JPG,1,1
stem_rust,ICLR/train/train/stem_rust/57KL9D.jpg,2,1
healthy_wheat,ICLR/train/train/healthy_wheat/3VZ47F.jfif,0,2
stem_rust,ICLR/train/train/stem_rust/HYWJFJ.JPG,2,1
leaf_rust,ICLR/train/train/leaf_rust/M1GMBO.jfif,1,1
healthy_wheat,ICLR/train/train/healthy_wheat/TBI0WV.jpg,0,2
stem_rust,ICLR/train/train/stem_rust/MME6MZ.JPG,2,1
stem_rust,ICLR/train/train/stem_rust/CUJLRV.jpg,2,1
leaf_rust,ICLR/train/train/leaf_rust/TRRES0.jfif,1,1
stem_rust,ICLR/train/train/stem_rust/ZF2C96.jfif,2,1
healthy_wheat,ICLR/train/train/healthy_wheat/4YI63K.jpg,0,2
stem_rust,ICLR/train/train/stem_rust/GY5M4U.JPG,2,1
leaf_rust,ICLR/train/train/leaf_rust/OG4J15.jpg,1,1
healthy_wheat,ICLR/train/train/healthy_wheat/WGJ7NJ.jfif,0,2
stem_rust,ICLR/train/train/stem_rust/YNZ7GB.JPG,2,1
stem_rust,ICLR/train/train/stem_rust/7RIKI9.jpg,2,1
leaf_rust,ICLR/train/train/leaf_rust/G1ZQD1.JPG,1,1
stem_rust,ICLR/train/train/stem_rust/P10VUX.JPG,2,1
healthy_wheat,ICLR/train/train/healthy_wheat/33J5MM.jfif,0,2
leaf_rust,ICLR/train/train/leaf_rust/8ZIQO3.JPG,1,1
healthy_wheat,ICLR/train/train/healthy_wheat/UP8NAQ.jpg,0,2
stem_rust,ICLR/train/train/stem_rust/YBGSNS.jpg,2,1
healthy_wheat,ICLR/train/train/healthy_wheat/MEWKD5.jpg,0,2
leaf_rust,ICLR/train/train/leaf_rust/SYFMCP.jpg,1,1
healthy_wheat,ICLR/train/train/healthy_wheat/XTVZ0E.jpg,0,2
healthy_wheat,ICLR/train/train/healthy_wheat/PGA3WH.jpg,0,2
leaf_rust,ICLR/train/train/leaf_rust/NSG1IH.jpg,1,2
stem_rust,ICLR/train/train/stem_rust/DX9GO7.JPG,2,1
stem_rust,ICLR/train/train/stem_rust/F1R6EO.jpg,2,1
stem_rust,ICLR/train/train/stem_rust/J4FNMC.jpg,2,1
stem_rust,ICLR/train/train/stem_rust/FFV2P1.jfif,2,1
leaf_rust,ICLR/train/train/leaf_rust/XG2I75.JPG,1,2
stem_rust,ICLR/train/train/stem_rust/GY5M4U.JPG,2,1
stem_rust,ICLR/train/train/stem_rust/81QY5L.jfif,2,1
leaf_rust,ICLR/train/train/leaf_rust/UIVUSB.jpg,1,2
leaf_rust,ICLR/train/train/leaf_rust/YWGB88.jfif,1,2
stem_rust,ICLR/train/train/stem_rust/2TUOEI.JPG,2,1
stem_rust,ICLR/train/train/stem_rust/5A1I6X.jfif,2,1
leaf_rust,ICLR/train/train/leaf_rust/KBOWUM.png,1,2
stem_rust,ICLR/train/train/stem_rust/H8R1KU.jpg,2,1
stem_rust,ICLR/train/train/stem_rust/YTCBH2.JPG,2,1
leaf_rust,ICLR/train/train/leaf_rust/6S29JV.JPG,1,2
leaf_rust,ICLR/train/train/leaf_rust/ZPDG7D.jfif,1,2
stem_rust,ICLR/train/train/stem_rust/B48JP3.JPG,2,2
stem_rust,ICLR/train/train/stem_rust/MAHVH5.JPG,2,2
healthy_wheat,ICLR/train/train/healthy_wheat/5HV6KU.jfif,0,2
healthy_wheat,ICLR/train/train/healthy_wheat/1LNMUQ.jfif,0,2
leaf_rust,ICLR/train/train/leaf_rust/F7B6FL.jpeg,1,2
stem_rust,ICLR/train/train/stem_rust/UTGY8V.JPG,2,2
healthy_wheat,ICLR/train/train/healthy_wheat/9ZEVXL.jfif,0,2
stem_rust,ICLR/train/train/stem_rust/FV6ZMQ.JPG,2,2
healthy_wheat,ICLR/train/train/healthy_wheat/IRWU5H.jfif,0,2
healthy_wheat,ICLR/train/train/healthy_wheat/OV44OF.jpg,0,2
healthy_wheat,ICLR/train/train/healthy_wheat/0LBIWV.jpg,0,2
leaf_rust,ICLR/train/train/leaf_rust/DM9JJ4.jpg,1,2
leaf_rust,ICLR/train/train/leaf_rust/VY0ZOQ.JPG,1,2
leaf_rust,ICLR/train/train/leaf_rust/PGSLPC.JPG,1,2
leaf_rust,ICLR/train/train/leaf_rust/EE7W88.jfif,1,2
healthy_wheat,ICLR/train/train/healthy_wheat/AV7FQ8.jpg,0,2
leaf_rust,ICLR/train/train/leaf_rust/FVQOKA.jfif,1,2
healthy_wheat,ICLR/train/train/healthy_wheat/VLXEK6.jfif,0,2
leaf_rust,ICLR/train/train/leaf_rust/XGQH0X.JPG,1,2
leaf_rust,ICLR/train/train/leaf_rust/GJFBJA.jfif,1,2
leaf_rust,ICLR/train/train/leaf_rust/OSGBUW.png,1,2
healthy_wheat,ICLR/train/train/healthy_wheat/TBI0WV.jpg,0,2
leaf_rust,ICLR/train/train/leaf_rust/35K36X.jpg,1,2
leaf_rust,ICLR/train/train/leaf_rust/LL75XT.jfif,1,2
stem_rust,ICLR/train/train/stem_rust/A2CRSS.jpg,2,2
leaf_rust,ICLR/train/train/leaf_rust/LPUQZ3.jfif,1,2
stem_rust,ICLR/train/train/stem_rust/M14XER.jpg,2,2
stem_rust,ICLR/train/train/stem_rust/9PBQ07.jfif,2,2
stem_rust,ICLR/train/train/stem_rust/Y84ZW2.JPG,2,2
healthy_wheat,ICLR/train/train/healthy_wheat/03TD19.jfif,0,2
leaf_rust,ICLR/train/train/leaf_rust/57O8CF.jpg,1,2
healthy_wheat,ICLR/train/train/healthy_wheat/J1R9Z1.jpg,0,2
leaf_rust,ICLR/train/train/leaf_rust/0ZMQRS.jpg,1,2
healthy_wheat,ICLR/train/train/healthy_wheat/NP6250.jfif,0,2
stem_rust,ICLR/train/train/stem_rust/9M066B.jpg,2,2
leaf_rust,ICLR/train/train/leaf_rust/AM369S.jfif,1,2
stem_rust,ICLR/train/train/stem_rust/84ABKR.JPG,2,2
leaf_rust,ICLR/train/train/leaf_rust/UBR48B.jfif,1,2
stem_rust,ICLR/train/train/stem_rust/JTBRNK.JPG,2,2
stem_rust,ICLR/train/train/stem_rust/3ZLQWN.JPG,2,2
healthy_wheat,ICLR/train/train/healthy_wheat/UP8NAQ.jpg,0,2
leaf_rust,ICLR/train/train/leaf_rust/7V5AZ4.jfif,1,2
healthy_wheat,ICLR/train/train/healthy_wheat/TTIIYZ.jfif,0,2
leaf_rust,ICLR/train/train/leaf_rust/IEWYAC.jfif,1,2
healthy_wheat,ICLR/train/train/healthy_wheat/M0B7CV.jfif,0,2
stem_rust,ICLR/train/train/stem_rust/F7LSXE.JPG,2,2
healthy_wheat,ICLR/train/train/healthy_wheat/3Q0E0P.jfif,0,2
leaf_rust,ICLR/train/train/leaf_rust/OW5KPJ.JPG,1,2
stem_rust,ICLR/train/train/stem_rust/UZY77Z.JPG,2,2
healthy_wheat,ICLR/train/train/healthy_wheat/A1U68I.jpg,0,2
healthy_wheat,ICLR/train/train/healthy_wheat/FXWFGU.jpg,0,2
healthy_wheat,ICLR/train/train/healthy_wheat/V1H2XE.jpg,0,2
healthy_wheat,ICLR/train/train/healthy_wheat/IXCBUE.jfif,0,2
leaf_rust,ICLR/train/train/leaf_rust/LHTBF1.jfif,1,2
healthy_wheat,ICLR/train/train/healthy_wheat/U0P84E.jfif,0,2
stem_rust,ICLR/train/train/stem_rust/MSUABZ.jpg,2,2
leaf_rust,ICLR/train/train/leaf_rust/D13IJI.jfif,1,2
leaf_rust,ICLR/train/train/leaf_rust/L9X0VQ.jfif,1,2
stem_rust,ICLR/train/train/stem_rust/V2K7M9.jpg,2,2
leaf_rust,ICLR/train/train/leaf_rust/CU1Z91.jfif,1,2
healthy_wheat,ICLR/train/train/healthy_wheat/R2EUB2.jfif,0,2
stem_rust,ICLR/train/train/stem_rust/LNND12.jpg,2,2
healthy_wheat,ICLR/train/train/healthy_wheat/LKI9UG.jpg,0,2
healthy_wheat,ICLR/train/train/healthy_wheat/6ZB3R6.jpg,0,2
leaf_rust,ICLR/train/train/leaf_rust/ESRNRH.JPG,1,2
healthy_wheat,ICLR/train/train/healthy_wheat/PGA3WH.jpg,0,2
leaf_rust,ICLR/train/train/leaf_rust/UL35NF.jfif,1,2
healthy_wheat,ICLR/train/train/healthy_wheat/QHU0JC.jpg,0,2
leaf_rust,ICLR/train/train/leaf_rust/WPT39P.JPG,1,2
healthy_wheat,ICLR/train/train/healthy_wheat/CHJDTJ.jfif,0,2
leaf_rust,ICLR/train/train/leaf_rust/ETPVUI.jfif,1,2
stem_rust,ICLR/train/train/stem_rust/ERFTDP.jpg,2,2
stem_rust,ICLR/train/train/stem_rust/H7KBSS.jfif,2,2
leaf_rust,ICLR/train/train/leaf_rust/CDGE8K.JPG,1,2
healthy_wheat,ICLR/train/train/healthy_wheat/HF3I9B.jpg,0,2
stem_rust,ICLR/train/train/stem_rust/UTGY8V.JPG,2,2
healthy_wheat,ICLR/train/train/healthy_wheat/7ITAYE.jfif,0,2
healthy_wheat,ICLR/train/train/healthy_wheat/AZXBR9.jpg,0,2
stem_rust,ICLR/train/train/stem_rust/J099DZ.JPG,2,2
healthy_wheat,ICLR/train/train/healthy_wheat/V99L6E.jpg,0,2
leaf_rust,ICLR/train/train/leaf_rust/TEWXBG.JPG,1,2
stem_rust,ICLR/train/train/stem_rust/026AEH.JPG,2,2
healthy_wheat,ICLR/train/train/healthy_wheat/UP510H.jfif,0,2
healthy_wheat,ICLR/train/train/healthy_wheat/A1U68I.jpg,0,2
healthy_wheat,ICLR/train/train/healthy_wheat/QJGRTR.jfif,0,2
leaf_rust,ICLR/train/train/leaf_rust/7KMEN7.jpg,1,2
leaf_rust,ICLR/train/train/leaf_rust/JHKU1U.jpg,1,2
stem_rust,ICLR/train/train/stem_rust/O0DG7Q.jpg,2,2
leaf_rust,ICLR/train/train/leaf_rust/BK1GNK.jfif,1,2
leaf_rust,ICLR/train/train/leaf_rust/9BEZ15.jfif,1,2
healthy_wheat,ICLR/train/train/healthy_wheat/6BNDTJ.jpg,0,2
stem_rust,ICLR/train/train/stem_rust/A9EQUP.JPG,2,2
stem_rust,ICLR/train/train/stem_rust/VYXJQ6.jpg,2,2
leaf_rust,ICLR/train/train/leaf_rust/SI3VZW.jpg,1,2
stem_rust,ICLR/train/train/stem_rust/KAQWIP.JPG,2,2
healthy_wheat,ICLR/train/train/healthy_wheat/C5BGP5.jfif,0,2
leaf_rust,ICLR/train/train/leaf_rust/ZZ0S2X.JPG,1,2
stem_rust,ICLR/train/train/stem_rust/JTBRNK.JPG,2,2
leaf_rust,ICLR/train/train/leaf_rust/10AFS6.jpg,1,2
leaf_rust,ICLR/train/train/leaf_rust/83HZBW.jfif,1,2
healthy_wheat,ICLR/train/train/healthy_wheat/F44CKW.jfif,0,2
leaf_rust,ICLR/train/train/leaf_rust/FQZI2R.jpg,1,2
stem_rust,ICLR/train/train/stem_rust/WFESL1.JPG,2,2
leaf_rust,ICLR/train/train/leaf_rust/772Q9Y.jpg,1,2
leaf_rust,ICLR/train/train/leaf_rust/1VGQWX.jpg,1,2
healthy_wheat,ICLR/train/train/healthy_wheat/HD6Z5L.jpg,0,2
healthy_wheat,ICLR/train/train/healthy_wheat/508FIK.jfif,0,2
leaf_rust,ICLR/train/train/leaf_rust/NWYA7Q.jfif,1,2
stem_rust,ICLR/train/train/stem_rust/BLBE0Y.JPG,2,2
healthy_wheat,ICLR/train/train/healthy_wheat/E5HXTR.jpg,0,2
healthy_wheat,ICLR/train/train/healthy_wheat/JNFAO1.jpg,0,2
stem_rust,ICLR/train/train/stem_rust/ORCKG3.jpg,2,2
healthy_wheat,ICLR/train/train/healthy_wheat/T7FPBO.jpg,0,2
leaf_rust,ICLR/train/train/leaf_rust/ZZFXJM.jfif,1,2
healthy_wheat,ICLR/train/train/healthy_wheat/WGJ7NJ.jfif,0,2
stem_rust,ICLR/train/train/stem_rust/PMKBPT.JPG,2,2
leaf_rust,ICLR/train/train/leaf_rust/Y1OCV6.jfif,1,2
leaf_rust,ICLR/train/train/leaf_rust/TIZBDT.jfif,1,2
leaf_rust,ICLR/train/train/leaf_rust/HH89SE.jpg,1,2
stem_rust,ICLR/train/train/stem_rust/JWXWHG.jpg,2,2
stem_rust,ICLR/train/train/stem_rust/4MRZJO.jpg,2,2
leaf_rust,ICLR/train/train/leaf_rust/85MTOL.jfif,1,2
leaf_rust,ICLR/train/train/leaf_rust/1TON58.jfif,1,2
stem_rust,ICLR/train/train/stem_rust/RVLO8S.JPG,2,2
stem_rust,ICLR/train/train/stem_rust/KW2L1S.JPG,2,2
healthy_wheat,ICLR/train/train/healthy_wheat/8HQY88.jpg,0,2
leaf_rust,ICLR/train/train/leaf_rust/3WPXWE.jfif,1,2
healthy_wheat,ICLR/train/train/healthy_wheat/HNUJLZ.jfif,0,2
stem_rust,ICLR/train/train/stem_rust/EVC1PX.jfif,2,2
leaf_rust,ICLR/train/train/leaf_rust/D5PGB3.jfif,1,2
leaf_rust,ICLR/train/train/leaf_rust/Y5F2K2.jpg,1,2
healthy_wheat,ICLR/train/train/healthy_wheat/RFB2JA.jpg,0,2
leaf_rust,ICLR/train/train/leaf_rust/4CLEBJ.JPG,1,2
leaf_rust,ICLR/train/train/leaf_rust/MGW6KB.JPG,1,2
leaf_rust,ICLR/train/train/leaf_rust/MXU8AZ.jfif,1,2
healthy_wheat,ICLR/train/train/healthy_wheat/LVJTB0.jpg,0,2
stem_rust,ICLR/train/train/stem_rust/ORCKG3.jpg,2,2
leaf_rust,ICLR/train/train/leaf_rust/CVL5BO.jfif,1,2
stem_rust,ICLR/train/train/stem_rust/85RP1Z.JPG,2,2
stem_rust,ICLR/train/train/stem_rust/2GLNY4.JPG,2,2
stem_rust,ICLR/train/train/stem_rust/ZF5LOB.jfif,2,2
healthy_wheat,ICLR/train/train/healthy_wheat/3GTKZJ.jfif,0,2
leaf_rust,ICLR/train/train/leaf_rust/1Z2P44.jpg,1,2
leaf_rust,ICLR/train/train/leaf_rust/RZCVJT.JPG,1,2
stem_rust,ICLR/train/train/stem_rust/P10VUX.JPG,2,2
healthy_wheat,ICLR/train/train/healthy_wheat/AQKHOK.jfif,0,2
healthy_wheat,ICLR/train/train/healthy_wheat/3VZ47F.jfif,0,2
leaf_rust,ICLR/train/train/leaf_rust/4AGHVR.jpg,1,2
leaf_rust,ICLR/train/train/leaf_rust/KH2FYR.jpg,1,2
stem_rust,ICLR/train/train/stem_rust/EEO09F.JPG,2,2
leaf_rust,ICLR/train/train/leaf_rust/X7VO5R.jfif,1,2
leaf_rust,ICLR/train/train/leaf_rust/5PNZRU.jfif,1,2
leaf_rust,ICLR/train/train/leaf_rust/H51PAY.jfif,1,2
stem_rust,ICLR/train/train/stem_rust/E0TIID.jpg,2,2
stem_rust,ICLR/train/train/stem_rust/81QY5L.jfif,2,2
stem_rust,ICLR/train/train/stem_rust/0I8NWR.JPG,2,2
stem_rust,ICLR/train/train/stem_rust/DCPYGG.jpg,2,2
healthy_wheat,ICLR/train/train/healthy_wheat/V1H2XE.jpg,0,2
healthy_wheat,ICLR/train/train/healthy_wheat/LVJTB0.jpg,0,2
healthy_wheat,ICLR/train/train/healthy_wheat/47NUVM.jpg,0,2
stem_rust,ICLR/train/train/stem_rust/GRW86Y.jpg,2,2
healthy_wheat,ICLR/train/train/healthy_wheat/NARWXK.jpg,0,2
stem_rust,ICLR/train/train/stem_rust/7QBIPY.jpg,2,2
stem_rust,ICLR/train/train/stem_rust/SA4IZE.jfif,2,2
healthy_wheat,ICLR/train/train/healthy_wheat/E7W6KS.jfif,0,2
healthy_wheat,ICLR/train/train/healthy_wheat/LKI9UG.jpg,0,2
healthy_wheat,ICLR/train/train/healthy_wheat/O9Y0Z8.jpg,0,2
leaf_rust,ICLR/train/train/leaf_rust/F454R9.jfif,1,2
healthy_wheat,ICLR/train/train/healthy_wheat/5WTM0W.jpg,0,2
healthy_wheat,ICLR/train/train/healthy_wheat/NQ15I3.jfif,0,2
stem_rust,ICLR/train/train/stem_rust/GSMGBN.jpg,2,2
stem_rust,ICLR/train/train/stem_rust/DFRU3F.jfif,2,2
leaf_rust,ICLR/train/train/leaf_rust/NA5H5U.jpg,1,2
stem_rust,ICLR/train/train/stem_rust/81QY5L.jfif,2,2
healthy_wheat,ICLR/train/train/healthy_wheat/UOZCDJ.jpg,0,2
leaf_rust,ICLR/train/train/leaf_rust/6616DF.jfif,1,2
leaf_rust,ICLR/train/train/leaf_rust/V2AEGW.jfif,1,2
healthy_wheat,ICLR/train/train/healthy_wheat/GKK6S3.jfif,0,2
healthy_wheat,ICLR/train/train/healthy_wheat/N8O0C1.jfif,0,2
stem_rust,ICLR/train/train/stem_rust/GSMGBN.jpg,2,2
healthy_wheat,ICLR/train/train/healthy_wheat/MW2YLX.jfif,0,3
leaf_rust,ICLR/train/train/leaf_rust/WESD5J.JPG,1,2
healthy_wheat,ICLR/train/train/healthy_wheat/FU88R0.jpg,0,3
stem_rust,ICLR/train/train/stem_rust/2C20JO.jfif,2,2
healthy_wheat,ICLR/train/train/healthy_wheat/WKOFOG.jpg,0,3
stem_rust,ICLR/train/train/stem_rust/UT5W0J.jfif,2,2
leaf_rust,ICLR/train/train/leaf_rust/6IW1HK.jfif,1,2
leaf_rust,ICLR/train/train/leaf_rust/WALGOP.jfif,1,2
healthy_wheat,ICLR/train/train/healthy_wheat/O9Y0Z8.jpg,0,3
healthy_wheat,ICLR/train/train/healthy_wheat/HV8FS9.jfif,0,3
stem_rust,ICLR/train/train/stem_rust/6PORQS.JPG,2,2
leaf_rust,ICLR/train/train/leaf_rust/L31ZYT.jfif,1,3
leaf_rust,ICLR/train/train/leaf_rust/7KLUT5.jfif,1,3
healthy_wheat,ICLR/train/train/healthy_wheat/QUBMQI.jpg,0,3
healthy_wheat,ICLR/train/train/healthy_wheat/AV7FQ8.jpg,0,3
healthy_wheat,ICLR/train/train/healthy_wheat/E5HXTR.jpg,0,3
leaf_rust,ICLR/train/train/leaf_rust/C25GLO.jfif,1,3
stem_rust,ICLR/train/train/stem_rust/3RK10Q.jpg,2,2
leaf_rust,ICLR/train/train/leaf_rust/IEZ5DW.jpg,1,3
healthy_wheat,ICLR/train/train/healthy_wheat/SJ54T5.jfif,0,3
stem_rust,ICLR/train/train/stem_rust/2FHYM7.JPG,2,2
stem_rust,ICLR/train/train/stem_rust/O03SHZ.jpg,2,2
leaf_rust,ICLR/train/train/leaf_rust/EANNBM.JPG,1,3
leaf_rust,ICLR/train/train/leaf_rust/Q22X4X.jpg,1,3
stem_rust,ICLR/train/train/stem_rust/3IDAF0.jpg,2,2
stem_rust,ICLR/train/train/stem_rust/IW5JWH.jpg,2,2
leaf_rust,ICLR/train/train/leaf_rust/AQSNJV.jpg,1,3
healthy_wheat,ICLR/train/train/healthy_wheat/TZCKHA.jfif,0,3
healthy_wheat,ICLR/train/train/healthy_wheat/SG6EGQ.jpg,0,3
leaf_rust,ICLR/train/train/leaf_rust/AFUJHR.JPG,1,3
stem_rust,ICLR/train/train/stem_rust/N2FW8A.JPG,2,2
healthy_wheat,ICLR/train/train/healthy_wheat/DKP3ZM.jfif,0,3
leaf_rust,ICLR/train/train/leaf_rust/MRCH2D.jpg,1,3
stem_rust,ICLR/train/train/stem_rust/P10VUX.JPG,2,2
leaf_rust,ICLR/train/train/leaf_rust/RVYL61.jpg,1,3
stem_rust,ICLR/train/train/stem_rust/OCCOMA.jpg,2,2
stem_rust,ICLR/train/train/stem_rust/71PGO8.JPG,2,2
healthy_wheat,ICLR/train/train/healthy_wheat/PLB5JZ.jpg,0,3
leaf_rust,ICLR/train/train/leaf_rust/Q41XT0.JPG,1,3
healthy_wheat,ICLR/train/train/healthy_wheat/VV0ZC5.jpg,0,3
healthy_wheat,ICLR/train/train/healthy_wheat/6T5756.jfif,0,3
leaf_rust,ICLR/train/train/leaf_rust/RVMAIV.jfif,1,3
healthy_wheat,ICLR/train/train/healthy_wheat/C572GK.jfif,0,3
healthy_wheat,ICLR/train/train/healthy_wheat/SWPUMU.jfif,0,3
healthy_wheat,ICLR/train/train/healthy_wheat/0LBIWV.jpg,0,3
healthy_wheat,ICLR/train/train/healthy_wheat/OV44OF.jpg,0,3
healthy_wheat,ICLR/train/train/healthy_wheat/1LNMUQ.jfif,0,3
stem_rust,ICLR/train/train/stem_rust/USE5QD.jpg,2,2
stem_rust,ICLR/train/train/stem_rust/E2TWPA.JPG,2,2
stem_rust,ICLR/train/train/stem_rust/BHWPMR.JPG,2,2
healthy_wheat,ICLR/train/train/healthy_wheat/6T5756.jfif,0,3
stem_rust,ICLR/train/train/stem_rust/KFTIM5.jpg,2,2
leaf_rust,ICLR/train/train/leaf_rust/76FFDO.png,1,3
stem_rust,ICLR/train/train/stem_rust/IY24RW.jfif,2,2
stem_rust,ICLR/train/train/stem_rust/PTY2DZ.JPG,2,2
stem_rust,ICLR/train/train/stem_rust/TQGJON.JPG,2,2
healthy_wheat,ICLR/train/train/healthy_wheat/D55G9F.jpg,0,3
healthy_wheat,ICLR/train/train/healthy_wheat/C5BGP5.jfif,0,3
stem_rust,ICLR/train/train/stem_rust/LF4RA9.jpg,2,2
healthy_wheat,ICLR/train/train/healthy_wheat/67AESM.jfif,0,3
healthy_wheat,ICLR/train/train/healthy_wheat/T9DUFH.jfif,0,3
healthy_wheat,ICLR/train/train/healthy_wheat/TT74SN.jpg,0,3
stem_rust,ICLR/train/train/stem_rust/J099DZ.JPG,2,2
stem_rust,ICLR/train/train/stem_rust/MAHVH5.JPG,2,2
leaf_rust,ICLR/train/train/leaf_rust/WJN651.JPG,1,3
leaf_rust,ICLR/train/train/leaf_rust/SR3QZW.jpg,1,3
healthy_wheat,ICLR/train/train/healthy_wheat/CHJDTJ.jfif,0,3
healthy_wheat,ICLR/train/train/healthy_wheat/PGA3WH.jpg,0,3
stem_rust,ICLR/train/train/stem_rust/Z0MIMM.jpg,2,3
healthy_wheat,ICLR/train/train/healthy_wheat/OV44OF.jpg,0,3
leaf_rust,ICLR/train/train/leaf_rust/A6U5K9.jfif,1,3
leaf_rust,ICLR/train/train/leaf_rust/RQXIWH.jpg,1,3
leaf_rust,ICLR/train/train/leaf_rust/2D0SXV.JPG,1,3
stem_rust,ICLR/train/train/stem_rust/WFESL1.JPG,2,3
healthy_wheat,ICLR/train/train/healthy_wheat/FXWFGU.jpg,0,3
healthy_wheat,ICLR/train/train/healthy_wheat/56APML.jfif,0,3
leaf_rust,ICLR/train/train/leaf_rust/VCBKV0.jfif,1,3
stem_rust,ICLR/train/train/stem_rust/CUJLRV.jpg,2,3
stem_rust,ICLR/train/train/stem_rust/UPBU5E.jpg,2,3
stem_rust,ICLR/train/train/stem_rust/WJVMRG.jpg,2,3
leaf_rust,ICLR/train/train/leaf_rust/34QL3W.jfif,1,3
leaf_rust,ICLR/train/train/leaf_rust/GNJ5MY.jfif,1,3
stem_rust,ICLR/train/train/stem_rust/HFQCNG.JPG,2,3
stem_rust,ICLR/train/train/stem_rust/CUJLRV.jpg,2,3
healthy_wheat,ICLR/train/train/healthy_wheat/8NB5J3.jfif,0,3
healthy_wheat,ICLR/train/train/healthy_wheat/5FSDEI.jpg,0,3
healthy_wheat,ICLR/train/train/healthy_wheat/ZTXKZU.jpg,0,3
stem_rust,ICLR/train/train/stem_rust/MME6MZ.JPG,2,3
stem_rust,ICLR/train/train/stem_rust/QX8QWT.JPG,2,3
stem_rust,ICLR/train/train/stem_rust/H7KBSS.jfif,2,3
leaf_rust,ICLR/train/train/leaf_rust/C65MAC.jpg,1,3
healthy_wheat,ICLR/train/train/healthy_wheat/PGA3WH.jpg,0,3
leaf_rust,ICLR/train/train/leaf_rust/Q84CBV.jfif,1,3
leaf_rust,ICLR/train/train/leaf_rust/SL8C30.jpg,1,3
healthy_wheat,ICLR/train/train/healthy_wheat/DOOEWE.jpg,0,3
leaf_rust,ICLR/train/train/leaf_rust/PAO1SW.jpg,1,3
leaf_rust,ICLR/train/train/leaf_rust/VI0BFY.jpg,1,3
stem_rust,ICLR/train/train/stem_rust/5RG24C.jfif,2,3
leaf_rust,ICLR/train/train/leaf_rust/K132UQ.jfif,1,3
stem_rust,ICLR/train/train/stem_rust/B0VR65.JPG,2,3
leaf_rust,ICLR/train/train/leaf_rust/Z2L2AO.jpg,1,3
healthy_wheat,ICLR/train/train/healthy_wheat/4YI63K.jpg,0,3
healthy_wheat,ICLR/train/train/healthy_wheat/U0P84E.jfif,0,3
healthy_wheat,ICLR/train/train/healthy_wheat/0O5BON.jfif,0,3
healthy_wheat,ICLR/train/train/healthy_wheat/CHT342.jfif,0,3
stem_rust,ICLR/train/train/stem_rust/N1HIQM.jfif,2,3
stem_rust,ICLR/train/train/stem_rust/GXFMJU.jfif,2,3
healthy_wheat,ICLR/train/train/healthy_wheat/7RGDDG.jfif,0,3
healthy_wheat,ICLR/train/train/healthy_wheat/S0V7NA.jfif,0,3
stem_rust,ICLR/train/train/stem_rust/RJAAIW.jpg,2,3
stem_rust,ICLR/train/train/stem_rust/WE1GC0.jpg,2,3
leaf_rust,ICLR/train/train/leaf_rust/N08DX6.jfif,1,3
healthy_wheat,ICLR/train/train/healthy_wheat/DSZYA9.jfif,0,3
healthy_wheat,ICLR/train/train/healthy_wheat/R2EUB2.jfif,0,3
stem_rust,ICLR/train/train/stem_rust/KMNLD5.JPG,2,3
stem_rust,ICLR/train/train/stem_rust/HUYCKN.jpg,2,3
stem_rust,ICLR/train/train/stem_rust/CEN3K6.JPG,2,3
stem_rust,ICLR/train/train/stem_rust/WE1GC0.jpg,2,3
stem_rust,ICLR/train/train/stem_rust/407S0R.jpg,2,3
stem_rust,ICLR/train/train/stem_rust/X39Q4J.jfif,2,3
leaf_rust,ICLR/train/train/leaf_rust/ESVFTK.JPG,1,3
healthy_wheat,ICLR/train/train/healthy_wheat/RFB2JA.jpg,0,3
healthy_wheat,ICLR/train/train/healthy_wheat/C0KF9A.jpg,0,3
leaf_rust,ICLR/train/train/leaf_rust/ANFXXI.jfif,1,3
healthy_wheat,ICLR/train/train/healthy_wheat/0LBIWV.jpg,0,3
stem_rust,ICLR/train/train/stem_rust/WUA1U6.JPG,2,3
healthy_wheat,ICLR/train/train/healthy_wheat/EBMMCD.jfif,0,3
healthy_wheat,ICLR/train/train/healthy_wheat/4DMP66.jfif,0,3
leaf_rust,ICLR/train/train/leaf_rust/E8FCUS.JPG,1,3
healthy_wheat,ICLR/train/train/healthy_wheat/C9IXFE.jpg,0,3
healthy_wheat,ICLR/train/train/healthy_wheat/IXCBUE.jfif,0,3
leaf_rust,ICLR/train/train/leaf_rust/HH7VUL.jpg,1,3
leaf_rust,ICLR/train/train/leaf_rust/EGGGXN.jfif,1,3
stem_rust,ICLR/train/train/stem_rust/RIPWRI.jpg,2,3
stem_rust,ICLR/train/train/stem_rust/V8X84U.JPG,2,3
leaf_rust,ICLR/train/train/leaf_rust/AVI32D.jfif,1,3
healthy_wheat,ICLR/train/train/healthy_wheat/OV44OF.jpg,0,3
stem_rust,ICLR/train/train/stem_rust/XFPZY5.JPG,2,3
stem_rust,ICLR/train/train/stem_rust/YBGSNS.jpg,2,3
healthy_wheat,ICLR/train/train/healthy_wheat/WGJ7NJ.jfif,0,3
healthy_wheat,ICLR/train/train/healthy_wheat/6JXL0N.jpg,0,3
stem_rust,ICLR/train/train/stem_rust/AS8AIF.jpg,2,3
stem_rust,ICLR/train/train/stem_rust/PTY2DZ.JPG,2,3
leaf_rust,ICLR/train/train/leaf_rust/6MCD3S.png,1,3
stem_rust,ICLR/train/train/stem_rust/0C9AGB.JPG,2,3
healthy_wheat,ICLR/train/train/healthy_wheat/ZTXKZU.jpg,0,3
healthy_wheat,ICLR/train/train/healthy_wheat/9ZEVXL.jfif,0,3
healthy_wheat,ICLR/train/train/healthy_wheat/8HQY88.jpg,0,3
leaf_rust,ICLR/train/train/leaf_rust/T0C1CQ.jfif,1,3
leaf_rust,ICLR/train/train/leaf_rust/VCBKV0.jfif,1,3
stem_rust,ICLR/train/train/stem_rust/MLOC1X.jfif,2,3
healthy_wheat,ICLR/train/train/healthy_wheat/5HV6KU.jfif,0,3
leaf_rust,ICLR/train/train/leaf_rust/9R24TP.JPG,1,3
stem_rust,ICLR/train/train/stem_rust/E0TIID.jpg,2,3
leaf_rust,ICLR/train/train/leaf_rust/VQGPO4.jpg,1,3
healthy_wheat,ICLR/train/train/healthy_wheat/7ITAYE.jfif,0,3
stem_rust,ICLR/train/train/stem_rust/F7LSXE.JPG,2,3
stem_rust,ICLR/train/train/stem_rust/2W9RXO.JPG,2,3
healthy_wheat,ICLR/train/train/healthy_wheat/V1H2XE.jpg,0,3
stem_rust,ICLR/train/train/stem_rust/W2JUB6.jfif,2,3
stem_rust,ICLR/train/train/stem_rust/YY0XD7.JPG,2,3
leaf_rust,ICLR/train/train/leaf_rust/DHNL92.jpeg,1,3
stem_rust,ICLR/train/train/stem_rust/120LEV.jfif,2,3
stem_rust,ICLR/train/train/stem_rust/MRYFQT.jpg,2,3
stem_rust,ICLR/train/train/stem_rust/DX9GO7.JPG,2,3
stem_rust,ICLR/train/train/stem_rust/OLZW86.jfif,2,3
leaf_rust,ICLR/train/train/leaf_rust/KX4NN0.jpg,1,3
healthy_wheat,ICLR/train/train/healthy_wheat/UP510H.jfif,0,3
leaf_rust,ICLR/train/train/leaf_rust/USXKL2.jfif,1,3
stem_rust,ICLR/train/train/stem_rust/B0VR65.JPG,2,3
healthy_wheat,ICLR/train/train/healthy_wheat/DKP3ZM.jfif,0,3
stem_rust,ICLR/train/train/stem_rust/SMXQG3.JPG,2,3
leaf_rust,ICLR/train/train/leaf_rust/XBPTGT.jfif,1,3
stem_rust,ICLR/train/train/stem_rust/QGWS4X.JPG,2,3
healthy_wheat,ICLR/train/train/healthy_wheat/SG6EGQ.jpg,0,3
stem_rust,ICLR/train/train/stem_rust/59FBYS.jfif,2,3
stem_rust,ICLR/train/train/stem_rust/2RCVZ9.jfif,2,3
stem_rust,ICLR/train/train/stem_rust/TYOONJ.jpg,2,3
healthy_wheat,ICLR/train/train/healthy_wheat/R1GKEP.jfif,0,3
healthy_wheat,ICLR/train/train/healthy_wheat/7ITAYE.jfif,0,3
stem_rust,ICLR/train/train/stem_rust/GRW86Y.jpg,2,3
healthy_wheat,ICLR/train/train/healthy_wheat/PGA3WH.jpg,0,3
leaf_rust,ICLR/train/train/leaf_rust/56N2ZN.jfif,1,3
leaf_rust,ICLR/train/train/leaf_rust/4XQEM2.jfif,1,3
stem_rust,ICLR/train/train/stem_rust/9SESH4.jpg,2,3
leaf_rust,ICLR/train/train/leaf_rust/LJR49N.jpg,1,3
stem_rust,ICLR/train/train/stem_rust/W7KASV.JPG,2,3
leaf_rust,ICLR/train/train/leaf_rust/T5ZEMM.jpg,1,3
healthy_wheat,ICLR/train/train/healthy_wheat/SWPUMU.jfif,0,3
healthy_wheat,ICLR/train/train/healthy_wheat/D55G9F.jpg,0,3
healthy_wheat,ICLR/train/train/healthy_wheat/K68ZMD.jpg,0,3
leaf_rust,ICLR/train/train/leaf_rust/2LNW3I.JPG,1,3
stem_rust,ICLR/train/train/stem_rust/407S0R.jpg,2,3
healthy_wheat,ICLR/train/train/healthy_wheat/J1R9Z1.jpg,0,3
stem_rust,ICLR/train/train/stem_rust/ZQMHZZ.JPG,2,3
leaf_rust,ICLR/train/train/leaf_rust/S1KKJT.jfif,1,3
stem_rust,ICLR/train/train/stem_rust/407S0R.jpg,2,3
stem_rust,ICLR/train/train/stem_rust/ZGFMHX.JPG,2,3
healthy_wheat,ICLR/train/train/healthy_wheat/341R1E.jpg,0,3
stem_rust,ICLR/train/train/stem_rust/MAHVH5.JPG,2,3
healthy_wheat,ICLR/train/train/healthy_wheat/8GXR21.jfif,0,3
leaf_rust,ICLR/train/train/leaf_rust/7ZK6AD.JPG,1,3
leaf_rust,ICLR/train/train/leaf_rust/RDQF0Q.jpg,1,3
healthy_wheat,ICLR/train/train/healthy_wheat/E7W6KS.jfif,0,3
healthy_wheat,ICLR/train/train/healthy_wheat/UP510H.jfif,0,3
stem_rust,ICLR/train/train/stem_rust/GSMGBN.jpg,2,3
leaf_rust,ICLR/train/train/leaf_rust/K2KIE8.jfif,1,3
leaf_rust,ICLR/train/train/leaf_rust/P6X49P.jpg,1,3
stem_rust,ICLR/train/train/stem_rust/KAQWIP.JPG,2,3
stem_rust,ICLR/train/train/stem_rust/KAQWIP.JPG,2,3
stem_rust,ICLR/train/train/stem_rust/MO9MOB.JPG,2,3
healthy_wheat,ICLR/train/train/healthy_wheat/JXN0ZP.jfif,0,3
leaf_rust,ICLR/train/train/leaf_rust/N8YT33.jfif,1,3
healthy_wheat,ICLR/train/train/healthy_wheat/R2EUB2.jfif,0,4
leaf_rust,ICLR/train/train/leaf_rust/3YFH9A.JPG,1,3
healthy_wheat,ICLR/train/train/healthy_wheat/HNUJLZ.jfif,0,4
stem_rust,ICLR/train/train/stem_rust/WWX0LN.jfif,2,3
stem_rust,ICLR/train/train/stem_rust/23B5BA.jpg,2,3
leaf_rust,ICLR/train/train/leaf_rust/QLWL6Y.jpg,1,3
stem_rust,ICLR/train/train/stem_rust/4HPNQR.jfif,2,3
stem_rust,ICLR/train/train/stem_rust/H0OU9P.jpg,2,3
leaf_rust,ICLR/train/train/leaf_rust/HN3EVU.jfif,1,3
stem_rust,ICLR/train/train/stem_rust/HJS1GK.JPG,2,3
leaf_rust,ICLR/train/train/leaf_rust/C25QRM.jfif,1,3
stem_rust,ICLR/train/train/stem_rust/8I7LB7.JPG,2,3
leaf_rust,ICLR/train/train/leaf_rust/XL21K8.JPG,1,3
stem_rust,ICLR/train/train/stem_rust/NDBROB.jfif,2,3
healthy_wheat,ICLR/train/train/healthy_wheat/5FSDEI.jpg,0,4
healthy_wheat,ICLR/train/train/healthy_wheat/H75C3Z.jpg,0,4
stem_rust,ICLR/train/train/stem_rust/TUG4XL.JPG,2,3
healthy_wheat,ICLR/train/train/healthy_wheat/NQ15I3.jfif,0,4
stem_rust,ICLR/train/train/stem_rust/8V5TRG.JPG,2,3
stem_rust,ICLR/train/train/stem_rust/Q1K9LK.JPG,2,3
leaf_rust,ICLR/train/train/leaf_rust/SFGBTU.jfif,1,3
stem_rust,ICLR/train/train/stem_rust/SL3J76.JPG,2,3
healthy_wheat,ICLR/train/train/healthy_wheat/D55G9F.jpg,0,4
leaf_rust,ICLR/train/train/leaf_rust/91NL9S.JPG,1,3
healthy_wheat,ICLR/train/train/healthy_wheat/CHT342.jfif,0,4
healthy_wheat,ICLR/train/train/healthy_wheat/JNFAO1.jpg,0,4
healthy_wheat,ICLR/train/train/healthy_wheat/TG11GG.jpg,0,4
stem_rust,ICLR/train/train/stem_rust/8C5O5M.JPG,2,3
leaf_rust,ICLR/train/train/leaf_rust/N7CLD1.jpg,1,3
healthy_wheat,ICLR/train/train/healthy_wheat/MEWKD5.jpg,0,4
leaf_rust,ICLR/train/train/leaf_rust/YL98WR.jfif,1,3
stem_rust,ICLR/train/train/stem_rust/G1IBLV.jpg,2,3
healthy_wheat,ICLR/train/train/healthy_wheat/D55G9F.jpg,0,4
leaf_rust,ICLR/train/train/leaf_rust/N8IZHC.jpg,1,3
stem_rust,ICLR/train/train/stem_rust/05R4FK.jpg,2,3
stem_rust,ICLR/train/train/stem_rust/HYWJFJ.JPG,2,3
healthy_wheat,ICLR/train/train/healthy_wheat/6JXL0N.jpg,0,4
healthy_wheat,ICLR/train/train/healthy_wheat/3GTKZJ.jfif,0,4
stem_rust,ICLR/train/train/stem_rust/0I8NWR.JPG,2,3
leaf_rust,ICLR/train/train/leaf_rust/2ECI4X.jfif,1,3
healthy_wheat,ICLR/train/train/healthy_wheat/TBI0WV.jpg,0,4
healthy_wheat,ICLR/train/train/healthy_wheat/LVJTB0.jpg,0,4
healthy_wheat,ICLR/train/train/healthy_wheat/3Q0E0P.jfif,0,4
leaf_rust,ICLR/train/train/leaf_rust/6MF7K3.jpg,1,3
stem_rust,ICLR/train/train/stem_rust/ISRIWC.jfif,2,3
healthy_wheat,ICLR/train/train/healthy_wheat/OV44OF.jpg,0,4
leaf_rust,ICLR/train/train/leaf_rust/46GW2Y.jpg,1,3
stem_rust,ICLR/train/train/stem_rust/026AEH.JPG,2,4
stem_rust,ICLR/train/train/stem_rust/KFTIM5.jpg,2,4
stem_rust,ICLR/train/train/stem_rust/K5MDEY.jpg,2,4
stem_rust,ICLR/train/train/stem_rust/3YKSFB.jpg,2,4
healthy_wheat,ICLR/train/train/healthy_wheat/CQPOHG.jpg,0,4
healthy_wheat,ICLR/train/train/healthy_wheat/UP510H.jfif,0,4
leaf_rust,ICLR/train/train/leaf_rust/Q7H6UZ.jpg,1,3
leaf_rust,ICLR/train/train/leaf_rust/2JE5S8.jfif,1,3
stem_rust,ICLR/train/train/stem_rust/3ZLQWN.JPG,2,4
stem_rust,ICLR/train/train/stem_rust/9M066B.jpg,2,4
leaf_rust,ICLR/train/train/leaf_rust/QUQYBO.jfif,1,3
stem_rust,ICLR/train/train/stem_rust/B3QEKK.JPG,2,4
stem_rust,ICLR/train/train/stem_rust/NJJMTF.jpg,2,4
healthy_wheat,ICLR/train/train/healthy_wheat/K68ZMD.jpg,0,4
leaf_rust,ICLR/train/train/leaf_rust/QNDENX.JPG,1,3
healthy_wheat,ICLR/train/train/healthy_wheat/0LBIWV.jpg,0,4
stem_rust,ICLR/train/train/stem_rust/N1H2TZ.jfif,2,4
stem_rust,ICLR/train/train/stem_rust/N1H2TZ.jfif,2,4
healthy_wheat,ICLR/train/train/healthy_wheat/IXCBUE.jfif,0,4
leaf_rust,ICLR/train/train/leaf_rust/P9362V.JPG,1,3
stem_rust,ICLR/train/train/stem_rust/RVLO8S.JPG,2,4
stem_rust,ICLR/train/train/stem_rust/DCPYGG.jpg,2,4
leaf_rust,ICLR/train/train/leaf_rust/1DV8YN.jfif,1,3
stem_rust,ICLR/train/train/stem_rust/B0VR65.JPG,2,4
stem_rust,ICLR/train/train/stem_rust/WJVMRG.jpg,2,4
leaf_rust,ICLR/train/train/leaf_rust/DTL2GK.jfif,1,3
healthy_wheat,ICLR/train/train/healthy_wheat/VLXEK6.jfif,0,4
stem_rust,ICLR/train/train/stem_rust/DAO91S.JPG,2,4
leaf_rust,ICLR/train/train/leaf_rust/6V9W4D.jfif,1,4
leaf_rust,ICLR/train/train/leaf_rust/CV1X36.jfif,1,4
stem_rust,ICLR/train/train/stem_rust/RVLO8S.JPG,2,4
healthy_wheat,ICLR/train/train/healthy_wheat/R2EUB2.jfif,0,4
leaf_rust,ICLR/train/train/leaf_rust/W56FTE.JPG,1,4
healthy_wheat,ICLR/train/train/healthy_wheat/H75C3Z.jpg,0,4
leaf_rust,ICLR/train/train/leaf_rust/ABWB11.jpg,1,4
leaf_rust,ICLR/train/train/leaf_rust/N5VHOY.jpg,1,4
leaf_rust,ICLR/train/train/leaf_rust/T5VD54.jfif,1,4
healthy_wheat,ICLR/train/train/healthy_wheat/SVTYF9.jpg,0,4
stem_rust,ICLR/train/train/stem_rust/HIJ7QE.JPG,2,4
leaf_rust,ICLR/train/train/leaf_rust/SNIXDK.jfif,1,4
stem_rust,ICLR/train/train/stem_rust/DCPYGG.jpg,2,4
healthy_wheat,ICLR/train/train/healthy_wheat/3GTKZJ.jfif,0,4
stem_rust,ICLR/train/train/stem_rust/407S0R.jpg,2,4
stem_rust,ICLR/train/train/stem_rust/F7LSXE.JPG,2,4
leaf_rust,ICLR/train/train/leaf_rust/U79ACG.jfif,1,4
healthy_wheat,ICLR/train/train/healthy_wheat/XTVZ0E.jpg,0,4
leaf_rust,ICLR/train/train/leaf_rust/R4UZMJ.JPG,1,4
leaf_rust,ICLR/train/train/leaf_rust/39MD1S.jfif,1,4
stem_rust,ICLR/train/train/stem_rust/ZDLMKT.jfif,2,4
leaf_rust,ICLR/train/train/leaf_rust/XIDT40.JPG,1,4
healthy_wheat,ICLR/train/train/healthy_wheat/U0P84E.jfif,0,4
healthy_wheat,ICLR/train/train/healthy_wheat/6ZB3R6.jpg,0,4
leaf_rust,ICLR/train/train/leaf_rust/91NL9S.JPG,1,4
leaf_rust,ICLR/train/train/leaf_rust/PE7CXT.jfif,1,4
leaf_rust,ICLR/train/train/leaf_rust/PYMK1M.png,1,4
stem_rust,ICLR/train/train/stem_rust/A8IC6W.JPG,2,4
healthy_wheat,ICLR/train/train/healthy_wheat/0O5BON.jfif,0,4
leaf_rust,ICLR/train/train/leaf_rust/00VVPB.jfif,1,4
leaf_rust,ICLR/train/train/leaf_rust/10E2V7.jfif,1,4
healthy_wheat,ICLR/train/train/healthy_wheat/IXCBUE.jfif,0,4
stem_rust,ICLR/train/train/stem_rust/P10VUX.JPG,2,4
stem_rust,ICLR/train/train/stem_rust/B0VR65.JPG,2,4
leaf_rust,ICLR/train/train/leaf_rust/AERDW6.jpg,1,4
healthy_wheat,ICLR/train/train/healthy_wheat/UP8NAQ.jpg,0,4
leaf_rust,ICLR/train/train/leaf_rust/DLK2JF.jfif,1,4
leaf_rust,ICLR/train/train/leaf_rust/QJY255.jfif,1,4
stem_rust,ICLR/train/train/stem_rust/YBGSNS.jpg,2,4
stem_rust,ICLR/train/train/stem_rust/81QY5L.jfif,2,4
stem_rust,ICLR/train/train/stem_rust/1YHZHR.jfif,2,4
healthy_wheat,ICLR/train/train/healthy_wheat/0LBIWV.jpg,0,4
leaf_rust,ICLR/train/train/leaf_rust/I9SSTW.jfif,1,4
leaf_rust,ICLR/train/train/leaf_rust/OM7PN0.jfif,1,4
healthy_wheat,ICLR/train/train/healthy_wheat/6T5756.jfif,0,4
stem_rust,ICLR/train/train/stem_rust/GRVXQ7.jpg,2,4
leaf_rust,ICLR/train/train/leaf_rust/QSOJNJ.jfif,1,4
stem_rust,ICLR/train/train/stem_rust/TYOONJ.jpg,2,4
leaf_rust,ICLR/train/train/leaf_rust/K6IUZW.jfif,1,4
leaf_rust,ICLR/train/train/leaf_rust/IBPWH7.jpg,1,4
leaf_rust,ICLR/train/train/leaf_rust/UTUIN4.JPG,1,4
leaf_rust,ICLR/train/train/leaf_rust/KQF7CH.jpg,1,4
stem_rust,ICLR/train/train/stem_rust/SA4IZE.jfif,2,4
healthy_wheat,ICLR/train/train/healthy_wheat/JXN0ZP.jfif,0,4
healthy_wheat,ICLR/train/train/healthy_wheat/UP8NAQ.jpg,0,4
leaf_rust,ICLR/train/train/leaf_rust/WMDHS9.jfif,1,4
stem_rust,ICLR/train/train/stem_rust/VYXJQ6.jpg,2,4
healthy_wheat,ICLR/train/train/healthy_wheat/8HQY88.jpg,0,4
leaf_rust,ICLR/train/train/leaf_rust/FGVWJ9.jfif,1,4
healthy_wheat,ICLR/train/train/healthy_wheat/89HHA3.jfif,0,4
leaf_rust,ICLR/train/train/leaf_rust/GUOSF7.jfif,1,4
healthy_wheat,ICLR/train/train/healthy_wheat/DCYAQH.jpg,0,4
leaf_rust,ICLR/train/train/leaf_rust/RSZ63C.JPG,1,4
leaf_rust,ICLR/train/train/leaf_rust/FHZTQ9.jfif,1,4
stem_rust,ICLR/train/train/stem_rust/9C1MPX.JPG,2,4
stem_rust,ICLR/train/train/stem_rust/E0TIID.jpg,2,4
leaf_rust,ICLR/train/train/leaf_rust/BUCKBW.jfif,1,4
leaf_rust,ICLR/train/train/leaf_rust/AQSNJV.jpg,1,4
stem_rust,ICLR/train/train/stem_rust/JB8XOB.JPG,2,4
healthy_wheat,ICLR/train/train/healthy_wheat/NARWXK.jpg,0,4
leaf_rust,ICLR/train/train/leaf_rust/IRVFRA.JPG,1,4
healthy_wheat,ICLR/train/train/healthy_wheat/7RGDDG.jfif,0,4
leaf_rust,ICLR/train/train/leaf_rust/LW1FDD.jfif,1,4
stem_rust,ICLR/train/train/stem_rust/31ZSGD.JPG,2,4
leaf_rust,ICLR/train/train/leaf_rust/KB6UJ7.jfif,1,4
leaf_rust,ICLR/train/train/leaf_rust/W4A95N.jpg,1,4
leaf_rust,ICLR/train/train/leaf_rust/8WGAGZ.jfif,1,4
stem_rust,ICLR/train/train/stem_rust/3A2D0D.jpg,2,4
leaf_rust,ICLR/train/train/leaf_rust/I55RPY.JPG,1,4
stem_rust,ICLR/train/train/stem_rust/C390MH.JPG,2,4
stem_rust,ICLR/train/train/stem_rust/HYWJFJ.JPG,2,4
healthy_wheat,ICLR/train/train/healthy_wheat/8S36C7.jpg,0,4
leaf_rust,ICLR/train/train/leaf_rust/1PE28T.jfif,1,4
stem_rust,ICLR/train/train/stem_rust/B48JP3.JPG,2,4
stem_rust,ICLR/train/train/stem_rust/3NNNOP.JPG,2,4
leaf_rust,ICLR/train/train/leaf_rust/209QWE.jfif,1,4
stem_rust,ICLR/train/train/stem_rust/YBGSNS.jpg,2,4
stem_rust,ICLR/train/train/stem_rust/9SESH4.jpg,2,4
stem_rust,ICLR/train/train/stem_rust/KFTIM5.jpg,2,4
leaf_rust,ICLR/train/train/leaf_rust/QNDFZN.jfif,1,4
leaf_rust,ICLR/train/train/leaf_rust/NFHK6I.jpg,1,4
stem_rust,ICLR/train/train/stem_rust/GRVXQ7.jpg,2,4
leaf_rust,ICLR/train/train/leaf_rust/ZEJJEC.jfif,1,4
leaf_rust,ICLR/train/train/leaf_rust/V35M9N.jfif,1,4
healthy_wheat,ICLR/train/train/healthy_wheat/NQ15I3.jfif,0,4
stem_rust,ICLR/train/train/stem_rust/LKM1T4.JPG,2,4
leaf_rust,ICLR/train/train/leaf_rust/2Y27GQ.jfif,1,4
leaf_rust,ICLR/train/train/leaf_rust/DEHP6H.jpg,1,4
stem_rust,ICLR/train/train/stem_rust/JTBRNK.JPG,2,4
stem_rust,ICLR/train/train/stem_rust/MLOC1X.jfif,2,4
healthy_wheat,ICLR/train/train/healthy_wheat/D55G9F.jpg,0,4
healthy_wheat,ICLR/train/train/healthy_wheat/VV0ZC5.jpg,0,4
healthy_wheat,ICLR/train/train/healthy_wheat/9ZEVXL.jfif,0,4
stem_rust,ICLR/train/train/stem_rust/WJVMRG.jpg,2,4
healthy_wheat,ICLR/train/train/healthy_wheat/6T5756.jfif,0,4
leaf_rust,ICLR/train/train/leaf_rust/0DEA0V.jfif,1,4
healthy_wheat,ICLR/train/train/healthy_wheat/SJ54T5.jfif,0,4
leaf_rust,ICLR/train/train/leaf_rust/4NABU3.jpg,1,4
leaf_rust,ICLR/train/train/leaf_rust/1JF4M4.jpg,1,4
leaf_rust,ICLR/train/train/leaf_rust/M0ILRH.jfif,1,4
leaf_rust,ICLR/train/train/leaf_rust/QWMIFP.JPG,1,4
leaf_rust,ICLR/train/train/leaf_rust/EY85XM.jfif,1,4
healthy_wheat,ICLR/train/train/healthy_wheat/EJ8295.jfif,0,4
healthy_wheat,ICLR/train/train/healthy_wheat/3VZ47F.jfif,0,4
leaf_rust,ICLR/train/train/leaf_rust/CEVUE3.jpg,1,4
leaf_rust,ICLR/train/train/leaf_rust/0FX4J2.png,1,4
healthy_wheat,ICLR/train/train/healthy_wheat/M97WV0.jfif,0,4
stem_rust,ICLR/train/train/stem_rust/6VM9YC.jpg,2,4
healthy_wheat,ICLR/train/train/healthy_wheat/LKI9UG.jpg,0,4
stem_rust,ICLR/train/train/stem_rust/48XJPB.jpg,2,4
stem_rust,ICLR/train/train/stem_rust/2TUOEI.JPG,2,4
healthy_wheat,ICLR/train/train/healthy_wheat/DSZYA9.jfif,0,4
leaf_rust,ICLR/train/train/leaf_rust/YL98WR.jfif,1,4
healthy_wheat,ICLR/train/train/healthy_wheat/UP510H.jfif,0,4
stem_rust,ICLR/train/train/stem_rust/CJLHTW.JPG,2,4
leaf_rust,ICLR/train/train/leaf_rust/83RYYY.jfif,1,4
stem_rust,ICLR/train/train/stem_rust/3T864F.jfif,2,4
healthy_wheat,ICLR/train/train/healthy_wheat/6T5756.jfif,0,4
stem_rust,ICLR/train/train/stem_rust/WWX0LN.jfif,2,4
healthy_wheat,ICLR/train/train/healthy_wheat/AV7FQ8.jpg,0,4
healthy_wheat,ICLR/train/train/healthy_wheat/5FSDEI.jpg,0,4
leaf_rust,ICLR/train/train/leaf_rust/ZRFMHE.jpg,1,4
leaf_rust,ICLR/train/train/leaf_rust/2EXVIL.jpg,1,4
leaf_rust,ICLR/train/train/leaf_rust/X34VGB.jpg,1,4
leaf_rust,ICLR/train/train/leaf_rust/IXRCZL.jfif,1,4
stem_rust,ICLR/train/train/stem_rust/026AEH.JPG,2,4
stem_rust,ICLR/train/train/stem_rust/2XYE4I.jfif,2,4
healthy_wheat,ICLR/train/train/healthy_wheat/3VZ47F.jfif,0,4
healthy_wheat,ICLR/train/train/healthy_wheat/7RGDDG.jfif,0,4
stem_rust,ICLR/train/train/stem_rust/ORCKG3.jpg,2,4
leaf_rust,ICLR/train/train/leaf_rust/DRJSUR.jpg,1,4
stem_rust,ICLR/train/train/stem_rust/ULWQAO.jfif,2,4
healthy_wheat,ICLR/train/train/healthy_wheat/M97WV0.jfif,0,4
stem_rust,ICLR/train/train/stem_rust/3YKSFB.jpg,2,4
leaf_rust,ICLR/train/train/leaf_rust/IUBFHR.jfif,1,4
stem_rust,ICLR/train/train/stem_rust/E0TIID.jpg,2,4
healthy_wheat,ICLR/train/train/healthy_wheat/OAHCEM.jfif,0,4
healthy_wheat,ICLR/train/train/healthy_wheat/3Q0E0P.jfif,0,4
healthy_wheat,ICLR/train/train/healthy_wheat/S0V7NA.jfif,0,4
leaf_rust,ICLR/train/train/leaf_rust/MDG5X6.JPG,1,4
leaf_rust,ICLR/train/train/leaf_rust/1EJACP.JPG,1,4
healthy_wheat,ICLR/train/train/healthy_wheat/DOOEWE.jpg,0,4
stem_rust,ICLR/train/train/stem_rust/3ZLQWN.JPG,2,4
healthy_wheat,ICLR/train/train/healthy_wheat/5FSDEI.jpg,0,4
leaf_rust,ICLR/train/train/leaf_rust/QUQYBO.jfif,1,4
stem_rust,ICLR/train/train/stem_rust/IUE37D.JPG,2,4
leaf_rust,ICLR/train/train/leaf_rust/IPRUZ7.jfif,1,4
stem_rust,ICLR/train/train/stem_rust/2XYE4I.jfif,2,4
leaf_rust,ICLR/train/train/leaf_rust/VPWSN2.jpg,1,4
stem_rust,ICLR/train/train/stem_rust/84ABKR.JPG,2,4
healthy_wheat,ICLR/train/train/healthy_wheat/33J5MM.jfif,0,4
stem_rust,ICLR/train/train/stem_rust/H7KBSS.jfif,2,4
leaf_rust,ICLR/train/train/leaf_rust/WO1JVR.JPG,1,4
leaf_rust,ICLR/train/train/leaf_rust/DY6IE7.jfif,1,4
stem_rust,ICLR/train/train/stem_rust/PMP6DL.jpg,2,4
leaf_rust,ICLR/train/train/leaf_rust/AH3RLW.JPG,1,4
stem_rust,ICLR/train/train/stem_rust/57KL9D.jpg,2,4
leaf_rust,ICLR/train/train/leaf_rust/DM9JJ4.jpg,1,4
healthy_wheat,ICLR/train/train/healthy_wheat/TG11GG.jpg,0,4
healthy_wheat,ICLR/train/train/healthy_wheat/5HV6KU.jfif,0,4
leaf_rust,ICLR/train/train/leaf_rust/8Q4V5Y.jpg,1,4
healthy_wheat,ICLR/train/train/healthy_wheat/M97WV0.jfif,0,4
stem_rust,ICLR/train/train/stem_rust/QWIV2J.jpg,2,4
leaf_rust,ICLR/train/train/leaf_rust/1BN9TC.JPG,1,4
stem_rust,ICLR/train/train/stem_rust/NKMGGH.JPG,2,4
healthy_wheat,ICLR/train/train/healthy_wheat/8GXR21.jfif,0,4
stem_rust,ICLR/train/train/stem_rust/D9D9YO.jfif,2,4
healthy_wheat,ICLR/train/train/healthy_wheat/UP8NAQ.jpg,0,4
stem_rust,ICLR/train/train/stem_rust/55E81Z.jfif,2,4
healthy_wheat,ICLR/train/train/healthy_wheat/K68ZMD.jpg,0,4
healthy_wheat,ICLR/train/train/healthy_wheat/UOZCDJ.jpg,0,4
leaf_rust,ICLR/train/train/leaf_rust/94FX3I.jpg,1,4
healthy_wheat,ICLR/train/train/healthy_wheat/T9DUFH.jfif,0,4
stem_rust,ICLR/train/train/stem_rust/JWXWHG.jpg,2,4
stem_rust,ICLR/train/train/stem_rust/3IIC89.jpg,2,4
stem_rust,ICLR/train/train/stem_rust/Q1K9LK.JPG,2,4
stem_rust,ICLR/train/train/stem_rust/W64VJ1.JPG,2,4
